post_id,total_reactions,top_reactions
2654900581442846,5,Like
2695821474017423,89,"Like,Haha,Love"
2695242354075335,222,"Like,Love,Wow"
2695123730753864,209,"Like,Haha,Wow"
2694996617433242,76,"Like,Haha,Angry"
2694839307448973,138,"Like,Haha,Angry"
2694697807463123,47,"Like,Angry,Haha"
2694335707499333,139,"Like,Love,Wow"
2694221274177443,39,"Like,Haha,Love"
2694117440854493,336,"Like,Haha,Sad"
2693990677533836,61,"Like,Haha,Sad"
2693877494211821,451,"Like,Love,Wow"
2693524760913761,428,"Like,Sad,Love"
2693404327592471,70,"Like,Haha,Sad"
2693306140935623,295,"Haha,Wow,Love"
2693190307613873,125,"Like,Love,Wow"
2693061320960105,386,"Haha,Like,Love"
2692681230998114,45,"Like,Haha,Angry"
2692556874343883,8,Like
2692456414353929,396,"Like,Sad,Haha"
2692344981031739,21,"Like,Wow,Sad"
2692227197710184,165,"Haha,Like,Wow"
2692114157721488,376,"Like,Haha,Love"
2691787181087519,313,"Like,Sad,Wow"
2691658061100431,316,"Haha,Like,Sad"
2691528727780031,142,"Like,Love,Haha"
2691395147793389,22,"Like,Sad"
2691104374489133,148,"Haha,Like,Love"
2690909604508610,28,Like
2690788884520682,4,Like
2690647204534850,310,"Like,Haha,Love"
2690503161215921,134,"Like,Haha,Love"
2690129117919992,189,"Like,Haha,Wow"
2689994201266817,86,"Like,Haha,Love"
2689870901279147,110,"Like,Haha,Love"
2689742997958604,460,"Love,Haha,Like"
2689608007972103,109,"Like,Haha,Love"
2689181144681456,637,"Like,Angry,Sad"
2689030381363199,39,"Like,Love"
2688860958046808,269,"Angry,Like,Haha"
2688480931418144,41,"Like,Sad,Love"
2688284561437781,580,"Love,Like,Sad"
2688098964789674,105,"Like,Love,Sad"
2687648188168085,461,"Like,Love,Wow"
2687429784856592,180,"Like,Haha,Wow"
2687209994878571,238,"Like,Love,Haha"
2686739601592277,177,"Haha,Like,Love"
2686546204944950,1K,"Like,Love,Haha"
2686318148301089,226,"Like,Love,Angry"
2685863671679870,37,"Sad,Like,Haha"
2685725315027039,86,"Haha,Like,Sad"
2685578695041701,494,"Like,Haha,Sad"
2685414051724832,123,"Like,Haha,Sad"
2685044891761748,129,"Like,Love,Wow"
2684888021777435,290,"Like,Haha,Wow"
2684696871796550,530,"Angry,Love,Like"
2684323885167182,46,"Like,Haha,Sad"
2684043258528578,212,"Like,Love,Angry"
2683511038581800,294,"Like,Haha,Angry"
2683274035272167,181,"Like,Angry,Haha"
2683028165296754,75,"Like,Love"
2682567352009502,198,"Love,Haha,Wow"
2682301695369401,318,"Like,Love,Wow"
2681858525413718,534,"Like,Love,Haha"
2681664512099786,340,"Like,Wow,Angry"
2681447232121514,57,"Like,Haha,Love"
2681036525495918,71,"Like,Love,Care"
2680803998852504,483,"Wow,Care,Like"
2680520828880821,130,"Like,Haha,Care"
2680034478929456,170,"Like,Haha,Love"
2679823985617172,223,"Like,Love,Haha"
2679185682347669,368,"Like,Love,Haha"
2678980582368179,134,"Like,Sad,Love"
2678711905728380,200,"Like,Love,Haha"
2678194269113477,96,"Haha,Like,Sad"
2677574209175483,489,"Love,Like,Haha"
2677232432542994,7,"Like,Haha"
2676634159269488,138,"Like,Sad,Haha"
2676209545978616,132,"Like,Sad,Care"
2675721136027457,19,"Like,Angry,Haha"
2675582212708016,34,"Wow,Like,Haha"
2674882399444664,313,"Like,Haha,Sad"
2674789199453984,204,"Like,Love,Wow"
2674686302797607,34,"Like,Love"
2674557406143830,160,"Haha,Like,Sad"
2674454066154164,156,"Like,Haha,Love"
2673989502867287,76,"Like,Haha,Love"
2673873119545592,86,"Like,Haha,Wow"
2673777682888469,532,"Angry,Haha,Like"
2673644552901782,233,"Like,Love,Haha"
2673531149579789,57,"Like,Haha"
2673225809610323,241,"Like,Haha,Sad"
2673058012960436,123,"Like,Love,Wow"
2672967512969486,53,"Like,Haha,Wow"
2672917639641140,0,
2672837292982508,381,"Like,Love,Wow"
2672680299664874,139,"Like,Wow,Love"
2672373033028934,54,"Like,Care,Love"
2672181089714795,181,"Like,Love,Haha"
2672059809726923,288,"Sad,Like,Wow"
2671911863075051,108,"Like,Haha,Love"
2671777133088524,133,"Like,Love,Haha"
2671324636467107,182,"Haha,Like,Wow"
2671193736480197,53,"Like,Sad,Care"
2671053413160896,290,"Like,Haha,Love"
2670940989838805,132,"Love,Like,Haha"
2670825726516998,464,"Like,Love,Haha"
2670482269884677,44,"Like,Haha,Sad"
2670367063229531,610,"Like,Care,Sad"
2670252666574304,82,"Like,Haha,Love"
2670220989910805,8,Like
2670144299918474,37,"Like,Haha,Sad"
2670039526595618,100,"Like,Haha,Sad"
2669936413272596,199,"Like,Haha,Love"
2669641059968798,89,"Like,Haha,Love"
2669526736646897,194,"Like,Haha,Love"
2669442066655364,20,"Like,Sad,Care"
2669346859998218,879,"Like,Love,Haha"
2669233613342876,579,"Wow,Angry,Sad"
2669122943353943,75,"Like,Sad,Angry"
2668819720050932,51,"Like,Haha,Wow"
2668703510062553,53,"Like,Love"
2668620060070898,96,"Like,Haha,Sad"
2668524133413824,97,"Like,Haha,Love"
2668423740090530,279,"Like,Love,Haha"
2668341780098726,185,"Like,Haha,Sad"
2668119160120988,248,"Like,Love,Haha"
2667914740141430,433,"Like,Love,Haha"
2667772056822365,94,"Like,Haha,Sad"
2667664056833165,92,"Like,Haha,Sad"
2667540603512177,80,"Like,Haha,Care"
2667427760190128,55,"Like,Love,Haha"
2667115383554699,447,"Sad,Care,Like"
2667007973565440,260,"Like,Haha,Wow"
2666907906908780,596,"Like,Love,Care"
2666796663586571,9,"Like,Haha,Care"
2666707610262143,435,"Like,Care,Sad"
2666610353605202,57,"Like,Love,Haha"
2666298830303021,47,"Like,Haha,Sad"
2666164593649778,134,"Like,Love,Wow"
2666037716995799,149,"Like,Haha,Angry"
2665906453675592,171,"Like,Angry,Wow"
2665779060354998,56,"Like,Haha,Love"
2665440397055531,95,"Like,Haha,Love"
2665317590401145,188,"Love,Like,Haha"
2665215603744677,307,"Angry,Like,Love"
2665103093755928,266,"Like,Haha,Love"
2664997647099806,426,"Like,Angry,Love"
2664669483799289,676,"Love,Like,Angry"
2664538540479050,269,"Sad,Like,Care"
2664451673821070,163,"Like,Haha,Sad"
2664352620497642,181,"Like,Haha,Sad"
2664241700508734,31,"Like,Haha"
2664146817184889,51,"Like,Haha,Love"
2663895627210008,51,"Like,Love,Haha"
2663711757228395,125,"Like,Haha,Love"
2663628087236762,32,"Like,Haha,Sad"
2663531533913084,178,"Like,Love,Haha"
2663425713923666,113,Like
2663307670602137,29,"Like,Haha,Love"
2663184077281163,370,"Like,Angry,Love"
2662879320644972,362,"Like,Haha,Love"
2662777000655204,109,"Like,Sad,Haha"
2662678073998430,1.2K,"Like,Love,Sad"
2662576910675213,235,"Like,Haha,Sad"
2662473390685565,90,"Like,Love,Angry"
2662345184031719,53,"Like,Haha,Sad"
2662015804064657,64,"Like,Haha,Sad"
2661903057409265,159,"Like,Haha,Sad"
2661780920754812,159,"Like,Angry,Sad"
2661692034097034,97,"Like,Sad,Haha"
2661607050772199,148,"Like,Love,Haha"
2661413007458270,393,"Like,Haha,Love"
2661189460813958,149,"Like,Haha,Sad"
2661109464155291,541,"Like,Haha,Love"
2661026057496965,115,"Like,Care,Sad"
2660934517506119,37,"Like,Haha,Sad"
2660838124182425,85,"Like,Haha,Sad"
2660831814183056,112,"Like,Sad,Care"
2660804370852467,4,"Like,Haha,Wow"
2660741617525409,3,Like
2660427564223481,103,"Haha,Like,Wow"
2660255954240642,185,"Like,Angry,Haha"
2660150067584564,80,"Like,Haha,Wow"
2660024600930444,447,"Haha,Love,Sad"
2659919890940915,116,"Like,Haha,Love"
2659558280977076,98,"Haha,Like,Love"
2659420417657529,212,"Like,Haha,Angry"
2659312907668280,248,"Like,Angry,Wow"
2659193754346862,68,"Like,Sad,Haha"
2659083851024519,178,"Like,Haha,Love"
2658995367700034,48,"Like,Sad"
2658712631061641,4,"Haha,Love"
2658622537737317,50,"Like,Haha,Love"
2658550864411151,149,"Like,Sad,Haha"
2658473524418885,158,"Haha,Like,Sad"
2658311414435096,23,Like
2658242377775333,46,"Like,Haha,Sad"
2658151424451095,84,"Like,Haha,Sad"
2657863257813245,158,"Love,Like,Care"
2657782991154605,633,"Sad,Haha,Wow"
2657715757827995,389,"Sad,Haha,Love"
2657639204502317,242,"Like,Haha,Sad"
2657560747843496,35,"Like,Haha,Sad"
2657467784519459,197,"Like,Haha,Love"
2657379597861611,95,"Like,Haha,Love"
2657334464532791,163,"Like,Haha,Wow"
2657022331230671,111,"Love,Sad,Haha"
2656914897908081,67,"Sad,Like,Love"
2656796354586602,621,"Like,Angry,Love"
2656687054597532,57,"Like,Haha,Care"
2656503701282534,33,"Like,Haha,Love"
2656224481310456,562,"Like,Haha,Sad"
2655870504679187,31,"Like,Haha"
2655800084686229,730,"Like,Love,Angry"
2655735251359379,21,"Like,Love,Care"
2655654334700804,34,"Like,Haha,Love"
2655341224732115,132,"Like,Sad,Love"
2655260694740168,580,"Love,Wow,Haha"
2655191121413792,24,"Haha,Like,Care"
2655154604750777,17,"Like,Haha,Care"
2655117828087788,16,"Like,Love"
2655020194764218,94,"Like,Sad,Haha"
2654895414776696,2,Like
2654362314830006,317,"Like,Haha,Sad"
2653348594931378,189,"Like,Wow,Love"
2653317008267870,391,"Like,Love,Haha"
2653131471619757,186,"Like,Haha,Love"
2653129628286608,607,"Like,Sad,Haha"
2653097528289818,138,"Like,Love,Care"
2652129751719929,426,"Like,Love,Care"
2651766705089567,172,"Like,Haha,Love"
2651633265102911,155,"Like,Haha,Sad"
2651632205103017,171,"Like,Haha,Love"
2651632118436359,95,"Like,Love,Haha"
2651395115126726,310,"Like,Love"
2651389721793932,213,"Like,Love,Haha"
2651364515129786,336,"Like,Love,Care"
2651360285130209,21,"Like,Haha,Sad"
2651358045130433,98,"Like,Haha,Wow"
2650968775169360,2,Like
2650777038521867,74,"Like,Haha,Love"
2650776541855250,991,"Like,Love,Angry"
2650776221855282,63,"Like,Haha,Sad"
2650775958521975,98,"Like,Wow,Haha"
2650775081855396,268,"Like,Love,Care"
2650774698522101,72,"Like,Sad,Haha"
2650770631855841,240,"Like,Sad,Haha"
2650768991856005,288,"Like,Love,Care"
2650690708530500,734,"Like,Wow,Love"
2650690378530533,485,"Like,Love,Haha"
2650685925197645,328,"Like,Haha,Wow"
2650685118531059,687,"Wow,Care,Haha"
2650616431871261,5,"Like,Haha"
2650616308537940,499,"Like,Love,Care"
2650586448540926,239,"Like,Love,Care"
2650584008541170,168,"Like,Sad,Love"
2650580381874866,188,"Like,Haha,Love"
2650580335208204,124,"Like,Haha,Love"
2649779395288298,79,"Like,Haha,Love"
2649779285288309,380,"Like,Haha,Sad"
2649779191954985,80,"Like,Love,Angry"
2649778905288347,18,"Like,Haha"
2649701515296086,86,"Like,Love,Haha"
2649701138629457,546,"Like,Haha,Love"
2649282538671317,843,"Like,Love,Sad"
2649281618671409,88,"Like,Haha,Sad"
2649281428671428,144,"Sad,Like,Love"
2649281112004793,85,"Haha,Like,Sad"
2649280372004867,616,"Love,Sad,Like"
2649280125338225,134,"Like,Sad,Haha"
2649277798671791,13,"Like,Haha"
2649277225338515,232,"Like,Haha,Love"
2648060582126846,1,Like
2648057485460489,0,
2648030918796479,44,"Like,Wow,Sad"
2648030765463161,84,"Like,Haha,Sad"
2648026178796953,4,Like
2648025818796989,141,"Like,Haha,Love"
2648025622130342,657,"Like,Haha,Love"
2647536145512623,159,"Like,Haha,Love"
2647535858845985,465,"Like,Love,Care"
2647535822179322,235,"Wow,Love,Like"
2647535635512674,196,"Haha,Like,Sad"
2647535275512710,352,"Like,Wow,Haha"
2647535198846051,368,"Haha,Like,Love"
2647493048850266,1,Haha
2647432752189629,385,"Angry,Haha,Love"
2647252695540968,11,"Haha,Like"
2647252568874314,45,"Like,Sad,Haha"
2647252332207671,162,"Like,Haha,Care"
2647252115541026,571,"Like,Haha,Love"
2647252002207704,81,"Like,Haha,Wow"
2647251865541051,54,"Like,Love,Care"
2647251762207728,101,"Like,Love"
2647251368874434,174,"Like,Haha,Love"
2647249615541276,233,"Like,Haha,Love"
2647249368874634,23,"Like,Haha,Sad"
2647249248874646,322,"Love,Haha,Sad"
2647247712208133,148,"Like,Love,Haha"
2646654235600814,122,"Like,Haha,Sad"
2646654068934164,91,"Like,Haha,Love"
2646519382280966,851,"Like,Haha,Sad"
2646456185620619,52,"Like,Haha,Love"
2646455898953981,448,"Like,Haha,Love"
2645843075681930,634,"Love,Angry,Like"
2645807579018813,24,"Like,Haha,Love"
2645807429018828,357,"Like,Haha,Love"
2645804182352486,836,"Like,Haha,Love"
2645802615685976,139,"Like,Haha,Love"
2645801265686111,72,Like
2645439022389002,384,"Like,Haha,Love"
2645436732389231,90,"Like,Love,Haha"
2644987662434138,380,"Like,Haha,Love"
2644638765802361,589,"Like,Haha,Love"
2644635829135988,772,"Like,Haha,Sad"
2644108249188746,643,"Like,Angry,Sad"
2643897232543181,190,"Like,Angry,Sad"
2643895449210026,118,"Like,Love,Haha"
872132203283840,1.1K,"Love,Like,Sad"
2642451826021055,5,Like
2642282352704669,331,"Like,Haha,Sad"
2642078606058377,73,"Like,Haha,Love"
2641744009425170,973,"Like,Haha,Sad"
2641743626091875,42,"Sad,Like,Haha"
2640649129534658,322,"Like,Haha,Love"
2640648989534672,260,"Like,Haha,Love"
2640639696202268,211,"Like,Haha,Love"
2640637106202527,107,"Like,Sad,Haha"
2640499752882929,522,"Love,Wow,Haha"
2640497859549785,4,Like
2640496476216590,312,"Like,Haha,Love"
2640496416216596,171,"Like,Haha,Love"
2639595419640029,351,"Like,Haha,Love"
2639043709695200,100,"Like,Haha,Care"
2639042993028605,58,"Like,Love,Sad"
2639041543028750,71,"Like,Haha,Love"
2639041389695432,123,"Like,Sad,Haha"
2639039063028998,353,"Love,Sad,Like"
2639035279696043,443,"Like,Haha,Love"
2639034883029416,39,"Haha,Like,Love"
2639030349696536,55,"Like,Haha,Love"
2638026429796928,67,"Like,Haha,Love"
2637427506523487,185,"Like,Sad,Love"
2637427056523532,141,"Like,Haha,Sad"
2637309056535332,156,"Like,Haha,Angry"
2637306849868886,13,"Haha,Like,Care"
2635998189999752,171,"Haha,Like,Love"
2635998043333100,104,"Haha,Like"
2635557623377142,698,"Like,Haha,Love"
2635556696710568,543,"Like,Haha,Sad"
2635513296714908,163,"Like,Haha,Love"
2633865630213008,821,"Like,Haha,Love"
2633231460276425,269,"Like,Love,Haha"
2633228163610088,187,"Like,Sad,Haha"
2633051723627732,82,"Like,Haha,Love"
2633051283627776,195,"Like,Love,Angry"
2633051126961125,85,"Like,Haha,Wow"
2631911003741804,23,"Like,Haha,Sad"
2631909970408574,35,"Like,Haha,Love"
2631900523742852,21,"Like,Angry,Love"
2631392790460292,362,"Love,Sad,Like"
2631392523793652,94,"Haha,Like,Love"
2630646357201602,63,"Like,Haha,Love"
2630640897202148,112,"Like,Haha,Love"
2630639273868977,6,"Like,Sad,Love"
2630271840572387,617,"Like,Haha,Love"
2630271433905761,341,"Like,Haha,Love"
2629568243976080,54,"Like,Sad,Love"
2629513137314924,460,"Like,Haha,Love"
2628601864072718,519,"Like,Haha,Sad"
2628598490739722,99,"Like,Love,Angry"
2628597390739832,56,"Like,Haha,Sad"
2628313817434856,224,"Like,Haha,Care"
2628312377435000,142,"Like,Care,Love"
2628312250768346,198,"Like,Haha,Love"
2628310854101819,52,"Like,Haha,Love"
2627807694152135,33,"Like,Sad,Care"
2627742860825285,167,"Like,Haha,Love"
2626955327570705,216,"Like,Haha,Sad"
2626954500904121,136,"Like,Care,Love"
2626953017570936,112,"Like,Love,Care"
2626053070994264,618,"Like,Haha,Love"
2625822014350703,510,"Like,Haha,Angry"
2624995644433340,523,"Like,Care,Haha"
2624992937766944,136,"Haha,Like,Wow"
2624991301100441,23,"Like,Haha,Love"
2624984407767797,109,"Like,Haha,Sad"
2624980717768166,416,"Like,Haha,Love"
2624969861102585,327,"Like,Haha,Care"
2624885147777723,151,"Like,Haha,Love"
2624884197777818,32,"Like,Haha,Sad"
2622529808013257,111,"Like,Love,Haha"
2622191614713743,20,"Like,Haha,Love"
2622188044714100,243,"Like,Sad,Love"
2620141251585446,472,"Like,Haha,Love"
2618830181716553,21,"Like,Sad"
2617548898511348,141,"Like,Haha,Love"
2612966352302936,74,"Haha,Like,Love"
2612960662303505,135,"Like,Haha,Sad"
2611922722407299,111,"Like,Angry,Haha"
2611185035814401,276,"Like,Haha,Love"
2610291105903794,234,"Haha,Like,Love"
2607692066163698,16,"Like,Wow,Sad"
2606791589587079,163,"Love,Like,Angry"
2605763686356536,168,"Like,Haha,Love"
2605762726356632,193,"Like,Haha,Sad"
2605762219690016,18,"Like,Love"
2605761899690048,18,"Like,Haha"
2605761663023405,23,"Like,Love,Haha"
2605248519741386,25,"Like,Love,Haha"
2605247459741492,115,"Like,Love,Haha"
2605247179741520,41,"Like,Love,Wow"
2605239369742301,477,"Like,Haha,Wow"
2605238989742339,50,"Like,Haha,Love"
2605238893075682,16,"Like,Haha"
2605238683075703,79,"Like,Haha,Love"
2605222959743942,244,"Like,Haha,Wow"
2605151823084389,52,"Like,Haha,Love"
2604491856483719,244,"Like,Haha,Love"
2604491819817056,103,"Like,Haha,Love"
2603315546601350,451,"Like,Love,Haha"
2602868516646053,273,"Like,Love,Wow"
2602867963312775,24,"Haha,Like,Love"
2602861889980049,240,"Like,Haha,Love"
2602688176664087,60,"Haha,Like,Wow"
2602511710015067,277,"Like,Haha,Sad"
2602511363348435,480,"Like,Haha,Sad"
2602509746681930,27,"Like,Haha,Love"
2602136760052562,934,"Like,Love,Haha"
2602136156719289,18,"Like,Love,Haha"
2602135903385981,53,"Like,Haha,Sad"
2602135490052689,535,"Like,Love,Wow"
2602135190052719,36,"Like,Love,Haha"
2602134183386153,70,"Like,Love,Haha"
2602028223396749,72,"Like,Sad,Love"
2602026866730218,264,"Like,Haha,Sad"
2602026636730241,150,"Like,Haha,Love"
2600322406900664,114,"Haha,Like,Wow"
2599909246941980,20,"Haha,Like,Wow"
2599909093608662,129,"Like,Haha,Love"
2599867600279478,55,"Like,Love"
2599866080279630,69,"Like,Haha,Sad"
2599865620279676,219,"Like,Haha,Love"
2599864536946451,110,"Like,Love"
2599864470279791,74,"Sad,Like,Love"
2599068530359385,62,"Sad,Like,Haha"
2598575467075358,983,"Like,Haha,Love"
2598575280408710,677,"Like,Haha,Wow"
2598463040419934,364,"Like,Haha,Sad"
2598461633753408,369,"Like,Haha,Love"
2598443527088552,221,"Like,Haha,Sad"
2598441740422064,250,"Like,Love,Care"
2594923647440540,59,"Like,Love,Sad"
2594921307440774,779,"Like,Sad,Love"
2594918457441059,197,"Like,Love"
2594912380775000,161,"Like,Love"
2594620644137507,334,"Like,Love"
2593979260868312,157,"Like,Haha,Love"
2593824064217165,688,"Like,Haha,Sad"
2593820600884178,314,"Like,Haha,Sad"
2593818137551091,398,"Like,Love,Wow"
2592783140987924,57,"Like,Sad"
2592779660988272,346,"Like,Haha,Sad"
2592165654383006,49,"Like,Love,Haha"
2591932954406276,327,"Like,Love,Sad"
2591913911074847,690,"Like,Wow,Love"
2591883091077929,167,"Like,Love"
2591871361079102,724,"Like,Love,Haha"
2591212811144957,245,"Like,Angry,Sad"
2591212744478297,127,"Haha,Like,Sad"
2591212327811672,320,"Like,Sad,Haha"
2591212254478346,113,"Like,Love"
2590135901252648,101,"Like,Love,Haha"
2590135134586058,84,"Like,Love,Sad"
2590134814586090,136,"Like,Love,Haha"
2590133961252842,118,"Like,Love,Haha"
2590133597919545,199,"Like,Love,Haha"
2589509857981919,543,"Like,Love,Wow"
2589507364648835,223,"Like,Love,Haha"
2589504557982449,138,"Like,Love,Haha"
2588402021426036,287,"Like,Love,Haha"
2588196184779953,533,"Like,Love,Wow"
2588189004780671,301,"Like,Love,Haha"
2588186931447545,251,"Like,Love,Sad"
2588186351447603,73,"Like,Haha,Sad"
2588185681447670,230,"Like,Haha,Wow"
2588179118114993,249,"Like,Wow,Love"
2588178901448348,128,"Like,Love,Angry"
2588174334782138,268,"Like,Sad,Haha"
2587172088215696,3.1K,"Like,Haha,Sad"
2586931994906372,216,"Like,Love,Angry"
2586931528239752,538,"Like,Haha,Love"
2586931034906468,174,"Like,Love,Haha"
2586654521600786,141,"Like,Love,Haha"
2586623761603862,489,"Like,Haha,Sad"
2586517804947791,460,"Like,Haha,Wow"
2586514484948123,73,"Sad,Like,Haha"
2586513654948206,519,"Like,Love,Sad"
2586513528281552,200,"Like,Love"
2586512694948302,385,"Like,Love,Haha"
2586510781615160,180,"Like,Love"
2586387094960862,173,"Like,Love"
2586381548294750,148,"Like,Love"
2586252871640951,1.4K,"Like,Haha,Sad"
2585636621702576,1K,"Like,Love,Sad"
2585307668402138,93,"Like,Love"
2585307495068822,170,"Like,Love,Wow"
2584968058436099,221,"Like,Love"
2584964245103147,160,"Like,Love,Wow"
2584832051783033,205,"Like,Love"
2584831538449751,290,"Like,Haha,Wow"
2584769475122624,66,"Like,Haha,Love"
2584765008456404,381,"Like,Love,Wow"
2584638571802381,442,"Like,Haha,Wow"
2584576415141930,835,"Sad,Haha,Like"
2584576305141941,40,"Like,Love,Haha"
2584573658475539,190,"Like,Love"
2583917428541162,583,"Like,Love,Wow"
2583535015246070,77,"Like,Haha,Love"
2582982691967969,319,"Like,Love,Haha"
2582862968646608,332,"Like,Love,Haha"
2582693021996936,203,"Like,Love"
2582692785330293,340,"Like,Love,Haha"
2582692365330335,263,"Like,Love,Wow"
2582373942028844,20,"Like,Haha"
2582372905362281,154,"Like,Love"
2582372742028964,157,"Like,Love"
2582357085363863,374,"Like,Love"
2582356002030638,251,"Like,Love"
2582223065377265,333,"Like,Haha,Love"
2582149028718002,914,"Like,Love"
2582082005391371,65,"Like,Love,Sad"
2582030248729880,62,"Like,Haha,Love"
2581570258775879,202,"Like,Love,Wow"
2581568112109427,67,"Like,Love,Wow"
2581501965449375,278,"Like,Haha,Sad"
806494816515525,92,"Angry,Like,Love"
2581334868799418,403,"Like,Haha,Love"
2581334555466116,678,"Like,Haha,Love"
2581247322141506,46,"Haha,Like,Love"
2581247062141532,372,"Like,Haha,Love"
2581176318815273,480,"Wow,Like,Sad"
2581109678821937,126,"Like,Love,Haha"
2580548885544683,0,
2580532895546282,506,"Haha,Sad,Like"
2580511878881717,115,"Haha,Like,Angry"
2580510692215169,40,"Like,Love"
2580510378881867,392,"Like,Love,Haha"
2580509708881934,99,"Haha,Like,Angry"
2580508902215348,194,"Haha,Like,Sad"
2580499758882929,346,"Like,Sad,Haha"
2580498825549689,242,"Like,Haha,Sad"
2580324372233801,89,"Like,Haha,Sad"
2580322775567294,600,"Like,Haha,Love"
2580315608901344,146,"Like,Haha,Sad"
2579957768937128,309,"Like,Haha,Love"
2579952788937626,464,"Like,Haha,Love"
2579770168955888,329,"Like,Haha,Love"
2579769632289275,183,"Like,Love,Wow"
2579390425660529,127,"Like,Haha,Love"
2579389185660653,160,"Like,Haha,Wow"
2579377562328482,61,"Like,Love"
2579070775692494,133,"Like,Haha,Love"
2578938829039022,309,"Like,Haha,Love"
2578838102382428,510,"Angry,Like,Sad"
2577740742492164,45,"Like,Haha,Love"
2577467269186178,52,"Like,Haha,Wow"
2577213719211533,167,"Like,Haha,Love"
2577210842545154,178,"Like,Love,Wow"
2577209925878579,49,"Like,Haha,Love"
2576235315976040,95,"Like,Love,Haha"
2575581529374752,133,"Like,Haha,Love"
2575453812720857,105,"Like,Haha,Love"
2575325016067070,196,"Sad,Like,Angry"
2574945239438381,180,"Like,Haha,Love"
2574928319440073,276,"Like,Haha,Wow"
2574456552820583,86,"Like,Love,Wow"
2574456329487272,512,"Like,Haha,Sad"
2574391869493718,204,"Like,Haha,Love"
2574296626169909,156,"Like,Haha,Wow"
2573686232897615,213,"Like,Haha,Love"
2573686109564294,65,"Like,Sad"
2573685076231064,215,"Like,Love,Wow"
2573683796231192,17,"Haha,Like,Love"
2573682909564614,586,"Like,Haha,Love"
2573119019621003,159,"Like,Love,Haha"
2573118512954387,64,"Like,Haha,Love"
2572830252983213,383,"Like,Haha,Angry"
2572829569649948,114,"Like,Haha,Love"
2572035883062650,284,"Like,Haha,Love"
2571989093067329,31,"Like,Love,Angry"
2571987726400799,27,"Like,Haha"
2570756116523960,151,"Like,Wow,Love"
2570556069877298,404,"Like,Haha,Love"
2570544873211751,0,
,0,
2570519169880988,67,"Like,Haha,Sad"
2570013669931538,59,"Like,Haha,Love"
2569849693281269,58,"Wow,Like,Angry"
2569060993360139,206,"Like,Sad,Haha"
2567259223540316,275,"Haha,Like,Love"
2567258120207093,398,"Like,Love,Haha"
2567256250207280,9,"Like,Haha"
2566948590238046,579,"Like,Haha,Love"
2566344033631835,137,"Like,Haha,Wow"
2566340203632218,163,"Like,Haha,Love"
2566340190298886,53,"Angry,Like,Haha"
2566340110298894,50,"Like,Haha"
2566258883640350,44,"Like,Haha"
2566236760309229,809,"Like,Haha,Love"
2565544087045163,141,"Like,Haha,Wow"
2565459610386944,158,"Like,Haha,Love"
2564680507131521,61,"Like,Angry,Haha"
2564674590465446,215,"Like,Haha,Love"
2564670803799158,120,"Like,Haha,Sad"
2564434247156147,381,"Like,Love,Sad"
2564036043862634,307,"Like,Haha,Love"
2563811133885125,241,"Like,Love,Sad"
2563810437218528,116,"Like,Wow,Angry"
2563170527282519,19,"Like,Sad,Haha"
2563156597283912,119,"Haha,Like,Love"
2563151240617781,312,"Like,Angry,Sad"
2562960790636826,83,"Like,Haha,Wow"
2562826527316919,196,"Like,Love,Haha"
2562445940688311,308,"Like,Haha,Love"
2562445820688323,1,Like
2562445637355008,91,"Like,Haha,Love"
2562382504027988,263,"Haha,Like,Love"
2562372674028971,309,"Like,Haha,Love"
2562357544030484,1,Love
2562153790717526,330,"Like,Haha,Sad"
2562027310730174,181,"Like,Haha,Love"
2562025807396991,328,"Like,Haha,Sad"
2561740137425558,195,"Like,Love,Haha"
2561440010788904,179,"Like,Sad,Haha"
2561302954135943,160,"Like,Haha,Love"
2560813514184887,233,"Like,Haha,Love"
2560812474184991,249,"Like,Haha,Love"
2560599354206303,107,"Like,Haha,Love"
2560454820887423,379,"Like,Haha,Love"
2559946834271555,317,"Like,Haha,Love"
2559555920977313,345,"Like,Haha,Love"
2559143807685191,285,"Like,Haha,Love"
2559131627686409,90,"Like,Love,Haha"
2559002407699331,465,"Like,Haha,Love"
2558681564398082,165,"Like,Haha,Sad"
2558681394398099,86,"Like,Haha,Sad"
2558680184398220,521,"Like,Haha,Love"
2558102071122698,77,"Like,Love,Wow"
2557778384488400,209,"Like,Haha,Love"
2557749224491316,216,"Like,Haha,Love"
2557205174545721,93,"Like,Haha,Love"
2557201197879452,261,"Like,Haha,Love"
2556135531319352,8,"Like,Love"
2556133991319506,0,
2556037961329109,658,"Like,Love,Wow"
2556036627995909,150,"Like,Haha,Love"
2556036437995928,23,"Haha,Like,Sad"
2556034704662768,908,"Like,Love,Sad"
2555674281365477,37,"Angry,Like,Sad"
2555626591370246,152,"Like,Haha,Love"
2555624568037115,18,"Haha,Like,Angry"
2555624031370502,25,"Like,Haha"
2555460984720140,4,"Like,Wow"
2555372308062341,109,"Like,Haha,Sad"
2555330538066518,1.3K,"Like,Love,Haha"
2555255454740693,163,"Like,Haha,Love"
2555255218074050,147,"Like,Haha,Love"
2555254334740805,261,"Like,Haha,Love"
2555254148074157,74,"Like,Haha,Love"
2555195034746735,17,"Like,Haha,Wow"
2555182441414661,22,"Like,Haha,Sad"
2554538591479046,46,"Like,Love,Wow"
2554415938157978,74,"Like,Haha,Love"
2553688384897400,206,"Like,Haha,Love"
2553309491601956,62,"Like,Haha,Love"
2553204794945759,298,"Like,Haha,Love"
2553131881619717,173,"Like,Haha,Wow"
2552942514971987,624,"Like,Haha,Wow"
2552702514995987,155,"Like,Haha,Love"
2552311008368471,239,"Like,Haha,Love"
2552310828368489,77,"Like,Haha,Love"
2552291271703778,277,"Like,Haha,Love"
2552089525057286,559,"Like,Haha,Love"
2552088221724083,20,"Like,Haha,Love"
2552087485057490,4,Like
2551944335071805,101,"Like,Love,Wow"
2551886351744270,80,"Like,Haha,Love"
2551884645077774,46,"Like,Haha"
2551874051745500,202,"Like,Haha,Wow"
2551872151745690,307,"Like,Haha,Sad"
2551449825121256,158,"Like,Haha,Love"
2551098458489726,263,"Like,Haha,Love"
2551098355156403,104,"Like,Haha,Sad"
2550987135167525,183,"Like,Haha,Love"
2550638735202365,121,"Like,Haha,Love"
2550637678535804,587,"Like,Haha,Love"
2550637561869149,326,"Like,Haha,Love"
2550520848547487,121,"Like,Haha,Sad"
2550520098547562,223,"Like,Love,Wow"
2550240588575513,60,"Like,Haha,Love"
2550240088575563,148,"Like,Haha,Sad"
2550224115243827,59,"Like,Love"
2549470518652520,422,"Like,Haha,Love"
2548984232034482,36,"Like,Wow,Sad"
2548904458709126,75,"Like,Haha,Love"
2548868248712747,8,"Like,Love,Angry"
2547951435471095,911,"Like,Love,Haha"
2547588965507342,351,"Like,Haha,Love"
2547588818840690,297,"Like,Haha,Love"
2547459885520250,56,"Haha,Like,Love"
2547171882215717,183,"Like,Haha,Love"
2547142138885358,466,"Angry,Like,Sad"
2546316512301254,311,"Like,Love,Angry"
2546226262310279,31,"Like,Sad,Haha"
2545778805688358,82,"Like,Love,Wow"
2545741225692116,85,"Like,Haha,Sad"
2545434842389421,137,"Like,Love"
2545052515760987,19,"Like,Haha,Love"
2545033415762897,17,"Like,Haha,Wow"
2544895879109984,101,"Like,Haha,Love"
2544828589116713,89,"Like,Haha,Love"
2544605992472306,101,"Like,Haha,Sad"
2544602155806023,73,"Like,Haha,Love"
2544180242514881,924,"Like,Haha,Love"
2544160102516895,141,"Like,Haha,Love"
2543963962536509,130,"Like,Haha,Love"
2543963789203193,59,"Angry,Haha,Like"
2543800889219483,10,Like
2543800759219496,121,"Sad,Like,Haha"
2543800282552877,214,"Like,Haha,Love"
2543800025886236,35,"Sad,Like,Haha"
2543799725886266,248,"Like,Haha,Love"
2543799655886273,104,"Love,Sad,Like"
2543799355886303,113,"Like,Love,Angry"
2543798619219710,83,"Like,Love,Haha"
2543142969285275,126,"Like,Wow,Haha"
2542437816022457,403,"Like,Love,Wow"
2542437586022480,16,"Like,Love,Sad"
2542436849355887,38,"Like,Haha,Sad"
2542141222718783,125,"Like,Love,Haha"
2542139136052325,39,"Like,Love,Sad"
2542139089385663,214,"Angry,Haha,Like"
2541428892790016,364,"Like,Haha,Sad"
2541425506123688,116,"Like,Haha,Love"
2541424922790413,220,"Like,Haha,Sad"
2541302842802621,74,"Like,Haha,Wow"
2541301882802717,6,"Haha,Like,Angry"
2540922219507350,484,"Like,Haha,Love"
2540918492841056,16,"Haha,Like,Love"
2540917989507773,222,"Like,Love,Haha"
2539725202960385,133,"Like,Haha,Wow"
2539597569639815,9,"Sad,Like,Love"
2538286013104304,82,"Like,Haha,Love"
2538222746443964,59,"Like,Haha,Love"
2538222179777354,35,"Haha,Like,Sad"
2538221949777377,571,"Like,Haha,Love"
2538215223111383,164,"Like,Haha,Wow"
2538010453131860,193,"Like,Haha,Sad"
2537645269835045,396,"Like,Haha,Love"
2537644933168412,123,"Like,Haha,Sad"
2537644816501757,299,"Like,Haha,Love"
2537643233168582,552,"Like,Haha,Love"
2537124593220446,161,"Like,Sad,Haha"
2536779616588277,8,"Like,Love,Wow"
2536616389937933,307,"Like,Haha,Sad"
2536298963303009,86,"Like,Haha,Love"
2536298243303081,83,"Like,Haha,Wow"
2536297789969793,93,"Like,Haha,Love"
2535765886689650,371,"Like,Haha,Love"
2535586836707555,14,"Like,Love"
2535586213374284,123,"Like,Haha,Sad"
2535479213384984,27,"Like,Sad,Wow"
2535080070091565,582,"Sad,Like,Haha"
2535044583428447,272,"Like,Haha,Love"
2535044120095160,148,"Sad,Like,Wow"
2535044013428504,89,"Like,Sad,Love"
2534993603433545,316,"Like,Haha,Sad"
2534992510100321,356,"Like,Sad,Haha"
2534936790105893,263,"Like,Sad,Love"
2534841320115440,32,"Haha,Like"
2534840700115502,189,"Like,Haha,Sad"
2534839220115650,198,"Like,Haha,Love"
2534735913459314,260,"Like,Love,Haha"
2533979986868240,13,"Like,Haha,Wow"
2533979833534922,15,"Like,Haha,Wow"
2532938043639101,43,"Haha,Wow,Love"
2532936966972542,0,
2532936700305902,197,"Like,Love,Haha"
2532936483639257,21,"Love,Like"
2532935593639346,133,"Like,Haha,Sad"
2532934596972779,95,"Like,Love,Haha"
2532934410306131,59,"Like,Love"
2532933243639581,237,"Like,Haha,Wow"
2532932940306278,51,"Like,Haha,Wow"
2531987523734153,152,"Like,Haha,Sad"
2531986907067548,31,"Like,Love,Haha"
2531986427067596,191,"Like,Haha,Sad"
2531985577067681,16,"Like,Love,Angry"
2531985453734360,268,"Like,Haha,Love"
2531538553779050,166,"Like,Haha,Sad"
2531537873779118,87,"Like,Haha,Sad"
2530676340531938,251,"Like,Haha,Sad"
2530488283884077,11,Like
2528502484082657,138,"Like,Haha,Love"
2527844027481836,35,"Like,Angry,Wow"
2527837614149144,223,"Like,Haha,Love"
2527836604149245,225,"Like,Haha,Love"
2527672930832279,405,"Like,Love,Haha"
2527672757498963,49,"Like,Love,Haha"
2527672600832312,91,"Like,Love,Haha"
2527670747499164,154,"Like,Love,Haha"
2527664024166503,5,Like
2527662474166658,77,"Like,Sad,Love"
2527661174166788,388,"Like,Haha,Sad"
2527652890834283,66,"Like,Haha"
2527651440834428,4,Like
2527649707501268,77,"Like,Love,Haha"
2527649484167957,391,"Like,Haha,Sad"
2527647820834790,81,"Like,Haha,Sad"
2527646360834936,77,"Like,Haha,Love"
2527646107501628,334,"Like,Haha,Angry"
2526633504269555,8,"Like,Haha,Wow"
2523819177884321,374,"Like,Haha,Love"
2522670027999236,203,"Like,Haha,Love"
2522669997999239,228,"Like,Haha,Angry"
2522669461332626,93,"Like,Sad,Love"
2521606864772219,156,"Like,Haha,Love"
2521606701438902,507,"Like,Haha,Love"
2521605188105720,202,"Like,Haha,Wow"
2521240291475543,100,"Like,Haha,Love"
2521237538142485,139,"Like,Haha,Love"
2520697554863150,168,"Angry,Like,Sad"
2520485168217722,100,"Like,Haha,Love"
2520485014884404,237,"Like,Haha,Love"
2520483744884531,365,"Like,Haha,Love"
2520483488217890,215,"Like,Haha,Sad"
2519235751675997,169,"Like,Haha,Love"
2517728948493344,644,"Like,Haha,Sad"
2516983235234582,273,"Like,Haha,Love"
2514952058771033,464,"Like,Haha,Love"
2514646275468278,156,"Like,Haha,Love"
2514644768801762,46,"Like,Haha"
2512921198974119,108,"Like,Love,Haha"
2512563825676523,223,"Like,Haha,Sad"
2509934852606087,209,"Like,Haha,Love"
2509934662606106,327,"Like,Haha,Love"
2509933545939551,230,"Like,Haha,Love"
2509926099273629,96,"Like,Haha,Love"
2506792809586958,181,"Like,Haha,Sad"
2506508419615397,239,"Like,Haha,Love"
2505680439698195,199,"Like,Haha,Love"
2505539563045616,162,"Like,Haha,Love"
2502968696636036,49,"Like,Love,Wow"
2500336016899304,256,"Like,Haha,Love"
2500332963566276,51,"Like,Haha,Sad"
2500316440234595,724,"Like,Haha,Love"
2498745680391671,132,"Like,Haha,Love"
2498741707058735,97,"Like,Haha,Love"
2498727740393465,455,"Like,Haha,Love"
2498632817069624,67,"Haha,Like,Love"
2498141123785460,191,"Like,Haha,Sad"
2495360580730181,468,"Like,Haha,Sad"
2494231860843053,230,"Like,Haha,Love"
2494230330843206,265,"Like,Haha,Sad"
2491722161094023,499,"Like,Haha,Love"
2491719531094286,159,"Like,Haha,Love"
2490731491193090,382,"Like,Haha,Sad"
2490278871238352,57,"Like,Haha,Love"
2488125731453666,50,"Like,Haha,Love"
2488123861453853,279,"Like,Haha,Wow"
2488122744787298,107,"Haha,Like,Angry"
2487555784843994,543,"Like,Haha,Love"
2485397475059825,26,"Haha,Like,Love"
2485394801726759,278,"Like,Sad,Haha"
2485394608393445,354,"Like,Haha,Love"
2485388788394027,49,"Like,Love"
2484810701785169,220,"Like,Haha,Love"
2482220035377569,79,"Like,Haha,Wow"
2482219152044324,59,"Like,Haha,Sad"
2482216955377877,226,"Like,Sad,Love"
2481578285441744,315,"Like,Haha,Sad"
2481288318804074,321,"Like,Haha,Sad"
2481210442145195,563,"Like,Haha,Sad"
2480444222221817,342,"Like,Haha,Wow"
2480442608888645,227,"Like,Angry,Sad"
2480439358888970,111,"Like,Haha,Wow"
2480439035555669,605,"Like,Haha,Love"
2480438372222402,165,"Like,Haha,Sad"
2480438102222429,309,"Like,Haha,Angry"
2480437592222480,110,"Like,Haha,Love"
2479447252321514,281,"Like,Haha,Sad"
2479373742328865,358,"Like,Haha,Sad"
2479373262328913,97,"Like,Haha,Wow"
2478356059097300,339,"Like,Haha,Love"
2477065509226355,415,"Like,Haha,Love"
2476872729245633,125,"Like,Haha,Sad"
2476213162644923,220,"Haha,Like,Wow"
2476210835978489,470,"Like,Haha,Love"
2475909272675312,583,"Like,Haha,Sad"
2475108199422086,603,"Like,Haha,Love"
2475013786098194,339,"Like,Haha,Love"
2475012739431632,193,"Like,Love,Haha"
2474835686116004,47,"Like,Haha,Wow"
2474793779453528,577,"Like,Haha,Love"
2474791479453758,81,"Like,Haha,Wow"
2474749532791286,192,"Like,Haha,Love"
2474738989459007,209,"Like,Sad,Wow"
2474204419512464,925,"Like,Haha,Sad"
2473959749536931,126,"Like,Haha,Angry"
2473959536203619,35,"Angry,Like,Haha"
2473932009539705,57,"Like,Haha,Wow"
2473799202886319,237,"Like,Haha,Love"
2473318806267692,34,"Like,Love,Haha"
2473288572937382,16,"Like,Haha,Love"
2472854606314112,208,"Like,Love,Wow"
2472849692981270,79,"Like,Haha,Love"
2471719579760948,43,"Like,Haha,Love"
2471710853095154,72,"Like,Haha,Love"
2470869633179276,49,"Haha,Like,Wow"
2469982096601363,91,"Love,Angry,Haha"
2469981496601423,148,"Like,Love,Haha"
2469980983268141,126,"Like,Haha,Love"
2469917216607851,159,"Angry,Like,Wow"
2469913866608186,55,"Like,Haha,Wow"
2469776329955273,226,"Like,Haha,Sad"
2469776083288631,19,"Like,Love,Haha"
2469771543289085,147,"Like,Haha,Love"
2469608586638714,70,"Like,Haha,Sad"
2468771390055767,507,"Like,Haha,Sad"
2468359656763607,23,"Like,Sad,Haha"
2466602000272706,658,"Like,Haha,Love"
2466598603606379,938,"Like,Love,Haha"
2465446777054895,154,"Like,Haha,Love"
2463252903940949,713,"Like,Haha,Love"
2463252713940968,785,"Like,Angry,Love"
2461230990809807,90,"Like,Haha,Love"
2461175694148670,120,"Like,Haha,Love"
2459382044328035,152,"Like,Sad,Love"
2457738141159092,103,"Like,Haha,Love"
2457736384492601,14,"Like,Wow,Sad"
2457735751159331,415,"Like,Haha,Love"
2457018661231040,141,"Like,Angry,Haha"
2455968471336059,45,"Like,Haha,Love"
2455966604669579,244,"Like,Haha,Love"
2453037941629112,28,"Like,Love,Haha"
2452451551687751,509,"Like,Haha,Love"
2451037271829179,70,"Like,Haha,Love"
2449349471997959,702,"Like,Haha,Love"
2448864878713085,159,"Like,Love,Wow"
2445861665680073,536,"Like,Haha,Love"
2444632619136311,179,"Like,Haha,Sad"
2444627895803450,197,"Like,Haha,Love"
2444627449136828,135,"Like,Haha,Wow"
2443770272555879,203,"Like,Haha,Love"
2443177425948497,143,"Like,Haha,Love"
2442406972692209,336,"Like,Haha,Love"
2442406766025563,259,"Like,Haha,Love"
2442402162692690,154,"Like,Haha,Angry"
2441164136149826,57,"Like,Love"
2440790546187185,69,"Haha,Like,Wow"
2440036569595916,386,"Like,Haha,Love"
2438581733074733,355,"Like,Haha,Sad"
2436861506580089,126,"Like,Haha,Love"
2436856159913957,44,"Like,Love,Haha"
2435707533362153,140,"Like,Love,Haha"
2435622010037372,148,"Like,Haha,Love"
2434723983460508,435,"Like,Angry,Love"
2434198126846427,57,"Like,Haha,Sad"
2434196873513219,421,"Like,Haha,Love"
2433456766920563,187,"Like,Haha,Sad"
2432145743718332,185,"Like,Haha,Love"
2431954723737434,268,"Like,Haha,Wow"
2431391987127041,239,"Like,Haha,Love"
2430980440501529,26,"Like,Wow,Haha"
2430977937168446,272,"Like,Haha,Love"
2430356330563940,682,"Like,Haha,Angry"
2429814453951461,880,"Like,Angry,Sad"
2429102424022664,139,"Like,Haha,Love"
2428682010731372,120,"Like,Haha,Sad"
2428617924071114,445,"Like,Haha,Sad"
2426871590912414,413,"Like,Haha,Love"
2426372884295618,487,"Like,Haha,Love"
2423699651229608,90,"Like,Haha,Wow"
2423584754574431,13,Like
2423247087941531,124,"Like,Haha,Wow"
2423081637958076,72,"Haha,Like,Wow"
2422456151353958,208,"Haha,Like,Sad"
2421112604821646,288,"Like,Haha,Love"
2420066561592917,85,"Like,Haha,Love"
2418265961772977,123,"Angry,Haha,Like"
2416618845271022,158,"Like,Haha,Wow"
2415556392043934,279,"Like,Haha,Love"
2415555165377390,100,"Like,Sad,Haha"
2415212455411661,131,"Like,Haha,Love"
2411693832430190,306,"Like,Haha,Love"
2411666459099594,147,"Like,Haha,Wow"
2408020666130840,59,"Like,Haha,Love"
2406379096294997,300,"Like,Haha,Love"
2406348229631417,246,"Like,Haha,Love"
2399222510343989,260,"Like,Haha,Sad"
2396750863924487,62,"Like,Love,Haha"
2393897360876504,326,"Like,Haha,Wow"
2393810227551884,65,"Like,Haha,Love"
2393810067551900,180,"Like,Haha,Love"
2391359271130313,93,"Like,Haha,Love"
2390187694580804,284,"Like,Haha,Love"
2387957928137114,1.2K,"Like,Love,Haha"
2387859531480287,71,"Like,Haha,Wow"
2387849234814650,93,"Like,Haha,Love"
2387137374885836,272,"Like,Haha,Love"
2386229794976594,193,"Sad,Like,Wow"
2385335758399331,175,"Like,Haha,Wow"
2384674418465465,77,"Like,Haha,Wow"
2384672261799014,75,"Haha,Like,Wow"
2380627752203465,266,"Like,Haha,Love"
2380580578874849,138,"Like,Sad,Haha"
2380127215586852,152,"Like,Haha,Love"
2376010432665197,126,"Like,Haha,Wow"
2374702526129321,1K,"Like,Haha,Love"
2374702379462669,230,"Like,Haha,Love"
2373813759551531,345,"Haha,Like,Sad"
2373813069551600,81,"Like,Haha,Wow"
2372316503034590,24,"Like,Haha,Love"
2367838406815733,48,"Like,Haha,Wow"
2367838310149076,160,"Like,Haha,Love"
2367058256893748,279,"Like,Wow,Haha"
2367057750227132,52,"Haha,Like,Love"
2366026696996904,23,"Haha,Like,Love"
2365078133758427,39,"Like,Love,Haha"
2365076297091944,65,"Haha,Like,Love"
2365074283758812,92,"Like,Haha,Wow"
2363833337216240,133,"Like,Angry,Haha"
2362885563977684,30,"Like,Haha,Wow"
2359379580994949,46,"Like,Haha,Wow"
2358448481088059,26,"Like,Love,Wow"
2358448224421418,100,"Like,Haha,Wow"
2356871567912417,303,"Like,Haha,Wow"
2355959608003613,203,"Like,Haha,Love"
2354600544806186,228,"Like,Love,Wow"
2353917041541203,116,"Like,Haha,Love"
2351140095152231,427,"Like,Haha,Love"
2348516768747897,412,"Like,Haha,Love"
2348513988748175,69,"Like,Haha,Wow"
2347862985479942,110,"Like,Haha,Sad"
2347015272231380,30,"Like,Haha,Sad"
2347014962231411,27,"Like,Haha,Love"
2346444908955083,214,"Like,Haha,Sad"
2344999289099645,748,"Like,Haha,Love"
2343478545918386,95,"Sad,Like,Haha"
2342308732702034,111,"Like,Haha,Love"
2340922316174009,60,"Like,Haha"
2340131892919718,51,"Angry,Like,Wow"
2340131222919785,32,"Like,Sad,Wow"
2340130382919869,260,"Like,Haha,Wow"
2339304869669087,178,"Like,Haha,Sad"
2337741673158740,120,"Haha,Like,Love"
2334759973456910,54,"Like,Haha,Love"
2333125526953688,125,"Like,Haha,Love"
2333124960287078,207,"Like,Sad,Haha"
2332514507014790,660,"Haha,Like,Wow"
2331752490424325,79,"Like,Haha,Love"
2329160550683519,47,"Like,Haha,Love"
2327469824185925,100,"Like,Haha,Love"
2326054174327490,39,"Angry,Like,Sad"
2325853201014254,85,"Like,Love,Haha"
2325851624347745,94,"Like,Haha,Sad"
2324214217844819,45,"Like,Haha,Sad"
2324208694512038,87,"Like,Haha,Sad"
2323418614591046,550,"Like,Haha,Love"
2323417191257855,46,"Like,Love,Wow"
2323416267924614,46,"Like,Haha,Wow"
2323268411272733,251,"Like,Haha,Love"
2323263527939888,165,"Like,Haha,Sad"
2323220261277548,34,"Like,Wow,Love"
2323218427944398,38,"Like,Haha,Love"
2323216317944609,93,"Like,Haha,Love"
2323216131277961,358,"Like,Haha,Sad"
2323215581278016,18,"Like,Haha"
2323214107944830,51,"Like,Haha,Love"
2321836771415897,90,"Like,Haha,Love"
2321830544749853,41,"Like,Haha"
2321830104749897,42,"Like,Love"
2321038294829078,127,"Like,Sad,Love"
2321032108163030,106,"Like,Haha,Sad"
2320878008178440,18,"Haha,Like,Love"
2320758338190407,160,"Like,Haha,Sad"
2320153484917559,222,"Like,Haha,Love"
2319754411624133,108,"Like,Haha,Sad"
2319665951632979,40,"Like,Love,Haha"
2319563141643260,33,"Haha,Like,Love"
2319432824989625,142,"Like,Haha,Love"
2319429948323246,50,"Like,Haha,Sad"
2319428994990008,5,"Like,Sad"
2319365188329722,9,"Like,Love"
2319241685008739,34,"Like,Haha,Love"
2319240791675495,3,"Like,Love"
2319240335008874,14,"Haha,Like,Love"
2318702145062693,46,"Like,Love"
2318667605066147,3.5K,"Like,Haha,Love"
2318652235067684,80,"Like,Haha,Love"
2318652075067700,388,"Like,Haha,Sad"
2318648665068041,127,"Like,Haha,Love"
2318474348418806,35,"Love,Angry,Haha"
2318474205085487,196,"Like,Haha,Love"
2318472681752306,156,"Like,Haha,Love"
2318471428419098,250,"Like,Love,Haha"
2318467155086192,93,"Angry,Like,Sad"
2318466445086263,50,"Like,Haha,Sad"
2318064395126468,33,"Like,Haha,Wow"
2318064305126477,1.1K,"Like,Sad,Haha"
2317841201815454,138,"Like,Haha,Sad"
2317738878492353,262,"Like,Haha,Love"
2317363788529862,8,"Like,Haha,Sad"
2317300891869485,44,"Haha,Like,Love"
2317162211883353,28,"Haha,Like"
2317161505216757,21,"Angry,Like,Sad"
2317088785224029,68,"Like,Love"
2316650521934522,32,"Like,Sad,Haha"
2316650418601199,10,"Like,Haha,Sad"
2316648678601373,296,"Like,Haha,Love"
2316647811934793,31,"Love,Like"
2316646535268254,33,"Haha,Like,Love"
2316646485268259,35,"Like,Haha,Sad"
2316629705269937,37,"Like,Love"
2316628931936681,43,"Haha,Angry,Wow"
2316628505270057,35,"Like,Love,Haha"
2316574658608775,55,"Like,Love"
2316573425275565,240,"Like,Haha,Sad"
2316332358633005,82,"Like,Love"
2316241311975443,29,"Like,Haha,Love"
2316239205308987,479,"Like,Haha,Love"
2316238398642401,323,"Like,Haha,Love"
2316176475315260,50,"Like,Love"
2315710985361809,154,"Like,Haha,Sad"
2315708278695413,46,"Like,Haha,Sad"
2315706862028888,94,"Like,Haha,Sad"
2315634628702778,52,"Like,Love,Haha"
2315015348764706,31,"Like,Haha"
2314824572117117,228,"Like,Haha,Love"
2314820298784211,177,"Like,Sad,Haha"
2314697515463156,129,"Like,Love"
2314696385463269,116,"Love,Like"
2314637698802471,112,"Like,Love,Haha"
2314636475469260,287,"Like,Haha,Sad"
2314570552142519,54,"Like,Haha,Wow"
2314479402151634,102,"Like,Love"
2314150725517835,70,"Like,Love,Wow"
2314115825521325,65,"Love,Like"
2314112858854955,85,"Haha,Like,Love"
2314067312192843,331,"Like,Haha,Love"
2313922202207354,81,"Like,Love"
2313471808919060,172,"Angry,Like,Haha"
2313468558919385,626,"Like,Haha,Sad"
2313461918920049,369,"Like,Haha,Love"
2313459408920300,386,"Like,Haha,Love"
2313135655619342,51,"Like,Love"
2313052502294324,178,"Like,Haha,Sad"
2312709948995246,186,"Like,Love,Angry"
2312704512329123,84,"Like,Love,Sad"
2312704398995801,7,"Like,Haha,Sad"
2312604735672434,148,"Like,Love,Angry"
2312604662339108,26,"Like,Angry,Love"
2312597352339839,39,"Like,Love,Haha"
2312330875699820,26,"Like,Love,Sad"
2312271375705770,72,"Like,Love"
2312270549039186,76,"Like,Haha,Love"
2312269045706003,58,"Like,Love"
2311858899080351,567,"Like,Love,Haha"
2311836439082597,48,"Like,Love"
2311834972416077,36,"Like,Love"
2311832399083001,32,"Like,Love"
2311830839083157,245,"Like,Haha,Sad"
2311737272425847,74,"Like,Love"
2311729985759909,62,"Like,Haha,Sad"
2311729295759978,130,"Like,Love"
2311728085760099,38,"Like,Haha,Angry"
2311724129093828,166,"Like,Haha,Love"
2311718672427707,66,"Like,Haha,Love"
2311499205782987,274,"Like,Love"
2311497312449843,295,"Like,Haha,Love"
2311497055783202,61,"Like,Love"
2311495889116652,247,"Like,Love,Wow"
2310808172518757,145,"Like,Love"
2310743615858546,114,"Like,Love,Wow"
2310742915858616,104,"Like,Love"
2310742775858630,102,"Like,Love"
2310358242563750,157,"Like,Haha,Love"
2310285909237650,243,"Like,Haha,Sad"
2310146835918224,51,"Like,Love,Haha"
2310134415919466,31,"Haha,Like,Wow"
2310068592592715,145,"Like,Wow,Love"
2309938725939035,65,"Like,Love"
2309938549272386,35,"Love,Like"
2309938429272398,67,"Sad,Like,Angry"
2309937809272460,55,"Like,Love,Haha"
2309936982605876,8,"Like,Haha,Love"
2309553169310924,194,"Like,Love,Haha"
2309552199311021,633,"Like,Love,Haha"
2309551642644410,221,"Like,Haha,Sad"
2309550909311150,442,"Like,Haha,Love"
2309550559311185,6,"Like,Haha"
2309548372644737,612,"Like,Haha,Love"
2309285199337721,42,"Like,Love"
2309284906004417,162,"Like,Love,Haha"
2309182536014654,183,"Like,Sad,Haha"
2309166736016234,173,"Like,Haha,Sad"
2308130326119875,130,"Like,Haha,Sad"
2307864632813111,133,"Like,Haha,Sad"
2307862352813339,94,"Like,Love,Haha"
2307861459480095,48,"Like,Haha,Wow"
2307839999482241,682,"Like,Haha,Love"
2307808046152103,124,"Like,Wow,Haha"
2307482272851347,40,"Like,Wow,Haha"
2307478762851698,28,"Like,Haha,Love"
2307477802851794,296,"Like,Haha,Sad"
2307202929545948,93,"Like,Haha,Love"
2307197302879844,221,"Like,Wow,Haha"
2307195406213367,21,"Like,Haha,Love"
2307048166228091,22,"Like,Haha,Sad"
2307046212894953,280,"Like,Haha,Love"
2306716209594620,159,"Like,Love,Wow"
2306559866276921,338,"Like,Haha,Sad"
2306558582943716,307,"Like,Haha,Love"
2306512336281674,235,"Like,Haha,Sad"
2306042696328638,136,"Like,Haha,Love"
2305672093032365,300,"Like,Sad,Haha"
2305670636365844,57,"Like,Haha,Love"
2305371803062394,195,"Like,Haha,Love"
2305371623062412,251,"Like,Sad,Haha"
2305370453062529,52,"Like,Haha,Love"
2305369646395943,38,"Like,Love"
2305152016417706,262,"Like,Haha,Love"
2305041349762106,312,"Like,Love,Haha"
2304468736486034,36,"Like,Haha,Wow"
2304468129819428,168,"Like,Love,Haha"
2304446886488219,177,"Like,Haha,Love"
2304026959863545,118,"Like,Love"
2304026833196891,89,"Like,Love"
2304026556530252,21K,"Like,Love,Haha"
2303698213229753,158,"Like,Haha,Love"
2303337149932526,68,"Like,Haha,Angry"
2303327923266782,138,"Like,Haha,Wow"
2303327829933458,265,"Like,Love,Haha"
2303247733274801,177,"Like,Haha,Love"
2302647940001447,258,"Like,Haha,Love"
2302600513339523,17,"Like,Wow,Love"
2302600273339547,10,"Like,Haha,Wow"
2302600213339553,8,"Like,Haha,Love"
2302568883342686,21,"Like,Love"
2302568173342757,79,"Like,Sad,Haha"
2302263070039934,223,"Like,Wow,Haha"
2301895723410002,7,"Haha,Like"
2301895323410042,152,"Like,Sad,Love"
2301041260162115,171,"Like,Haha,Love"
2300998050166436,64,"Like,Haha,Sad"
2300997736833134,336,"Haha,Like,Wow"
2300581143541460,266,"Like,Haha,Sad"
2300579043541670,109,"Haha,Like,Sad"
2300346206898287,192,"Like,Haha,Love"
2300049493594625,106,"Like,Haha,Wow"
2299397786993129,396,"Like,Haha,Sad"
2276593255940249,278,"Like,Haha,Wow"
2276585245941050,100,"Like,Haha,Sad"
2276457802620461,58,"Like,Haha,Love"
2276456879287220,86,"Like,Haha,Sad"
2276271362639105,131,"Like,Haha,Love"
2276101302656111,70,"Like,Love,Haha"
2276100019322906,152,"Like,Haha,Love"
2275577142708527,81,"Like,Haha,Wow"
2275201739412734,182,"Like,Love,Haha"
2274380012828240,50,"Sad,Like,Haha"
2274153299517578,76,"Like,Angry,Haha"
2273684439564464,105,"Like,Haha,Love"
2273517912914450,130,"Like,Haha,Love"
2272859809646927,153,"Like,Haha,Love"
2272857539647154,321,"Like,Haha,Love"
2271906189742289,177,"Like,Haha,Wow"
2271812713084970,32,"Like,Love,Haha"
2271725689760339,143,"Like,Sad,Haha"
2271725036427071,40,"Like,Haha,Love"
2271520419780866,60,"Like,Wow,Haha"
2270932836506291,120,"Like,Haha,Sad"
2270926229840285,427,"Like,Haha,Angry"
2270701356529439,34,"Like,Haha,Wow"
2270166919916216,126,"Like,Haha,Love"
2270121076587467,515,"Like,Love,Wow"
2269843463281895,84,"Like,Haha,Angry"
2269843059948602,141,"Like,Haha,Love"
2269143610018547,19,"Like,Haha,Love"
2268928693373372,180,"Like,Haha,Wow"
2268528480080060,87,"Like,Haha,Angry"
2268510013415240,167,"Angry,Like,Sad"
2268509796748595,159,"Like,Haha,Love"
2268273533438888,57,"Like,Love,Haha"
2268272686772306,217,"Like,Haha,Love"
2268271020105806,466,"Like,Haha,Sad"
2268267633439478,318,"Like,Sad,Love"
2268170783449163,567,"Like,Haha,Love"
2268170686782506,178,"Angry,Like,Love"
2267502670182641,11,"Haha,Like,Love"
2267502566849318,117,"Like,Love,Haha"
2267490783517163,74,"Sad,Like,Wow"
2267488456850729,182,"Like,Haha,Wow"
2267487640184144,136,"Like,Haha,Wow"
2267486930184215,67,"Haha,Like,Sad"
2267260446873530,88,"Like,Haha,Wow"
2266591740273734,142,"Like,Haha,Love"
2266591263607115,64,"Like,Haha,Love"
2266055510327357,262,"Like,Love,Haha"
2265985267001048,242,"Like,Haha,Love"
2265982383668003,173,"Like,Haha,Love"
2265009610431947,28,"Like,Haha,Love"
2264899270442981,34,"Like,Haha,Love"
2264827610450147,255,"Like,Haha,Angry"
2264826763783565,540,"Angry,Like,Sad"
2264707133795528,150,"Like,Haha,Love"
2264299320502976,393,"Like,Haha,Love"
2264191960513712,272,"Like,Haha,Love"
2264184037181171,374,"Like,Haha,Love"
2264117170521191,395,"Like,Haha,Love"
2263743673891874,14,"Haha,Angry,Like"
2263543290578579,305,"Like,Love,Angry"
2263404303925811,41,"Like,Wow,Haha"
2263111663955075,306,"Like,Haha,Love"
2263003203965921,166,"Like,Haha,Love"
2262608717338703,41,"Like,Wow,Haha"
2262256944040547,138,"Like,Haha,Love"
2262124484053793,127,"Like,Haha,Love"
2261919364074305,284,"Like,Haha,Sad"
2261781034088138,617,"Like,Haha,Love"
2261778037421771,67,"Like,Love,Wow"
2261661420766766,690,"Love,Like,Sad"
2261515407448034,194,"Like,Love,Haha"
2261514630781445,198,"Like,Haha,Sad"
2261514400781468,167,"Like,Haha,Love"
2261216317477943,49,"Like,Haha,Sad"
2261099314156310,181,"Like,Haha,Angry"
2260462247553350,165,"Like,Haha,Sad"
2260329820899926,282,"Like,Haha,Love"
2259952567604318,170,"Like,Haha,Love"
2259950797604495,107,"Like,Haha,Love"
2259678110965097,473,"Like,Haha,Love"
2259677704298471,64,"Like,Haha,Love"
2259265147673060,47,"Wow,Sad,Love"
2259130937686481,386,"Like,Haha,Sad"
2258975484368693,330,"Like,Haha,Love"
2258742811058627,193,"Sad,Like,Love"
2258419417757633,170,"Like,Haha,Sad"
2258418227757752,314,"Like,Haha,Love"
2258095187790056,277,"Like,Haha,Love"
2257946331138275,185,"Like,Haha,Love"
2257773404488901,300,"Like,Angry,Haha"
2257771721155736,190,"Like,Haha,Love"
2257363981196510,306,"Like,Haha,Love"
2257363284529913,1.4K,"Like,Haha,Wow"
2257108981222010,105,"Like,Haha,Wow"
2257108471222061,88,"Like,Love,Haha"
2255856634680578,378,"Like,Haha,Wow"
2255146658084909,227,"Like,Love,Wow"
2254714421461466,572,"Like,Haha,Love"
2254692878130287,264,"Like,Haha,Love"
2254514941481414,60,"Like,Haha,Love"
2254514738148101,47,"Like,Haha,Love"
2254098798189695,450,"Like,Haha,Love"
2254017461531162,302,"Like,Love,Haha"
2253718704894371,162,"Like,Love,Haha"
2253378428261732,910,"Like,Haha,Wow"
2253315254934716,138,"Like,Haha,Love"
2253314604934781,47,"Like,Haha,Sad"
2253314358268139,2K,"Like,Haha,Love"
2253314104934831,65,"Like,Love,Haha"
2253035804962661,34,"Like,Haha"
2251982975067944,107,"Like,Love,Haha"
2251717858427789,329,"Like,Haha,Love"
2251717658427809,96,"Like,Haha,Love"
2251339921798916,260,"Like,Haha,Love"
2251339535132288,93,"Like,Haha,Wow"
2251199455146296,35,"Like,Haha,Wow"
2251146405151601,280,"Like,Haha,Love"
2250842365182005,84,"Like,Haha,Sad"
2250797221853186,10,"Haha,Like,Love"
2250644878535087,100,"Like,Haha,Love"
2249633235302918,309,"Like,Angry,Wow"
2249608551972053,196,"Like,Love,Wow"
2249058072027101,433,"Like,Haha,Love"
2249018098697765,211,"Like,Haha,Love"
2248677822065126,127,"Like,Haha,Angry"
2248311598768415,32,"Like,Haha,Love"
2248296292103279,698,"Like,Haha,Love"
2248066112126297,316,"Like,Haha,Love"
2247868172146091,287,"Like,Love,Wow"
2247868015479440,121,"Like,Love,Wow"
2247867945479447,81,"Like,Love,Haha"
2247867888812786,62,"Like,Love"
2247867838812791,52,"Like,Love"
2247857442147164,143,"Like,Love"
2247857362147172,51,"Like,Love"
2247856992147209,133,"Like,Love"
2247856945480547,118,"Like,Love"
2247648972168011,232,"Like,Love,Wow"
2247629242169984,50,"Like,Love"
2247629142169994,112,"Like,Love"
2247587825507459,78,"Like,Love,Haha"
2247585228841052,130,"Like,Love"
2247585058841069,257,"Like,Haha,Love"
2247584875507754,206,"Like,Love"
2247584738841101,256,"Like,Love,Haha"
2247473088852266,75,"Like,Love"
2247402012192707,540,"Like,Love,Wow"
2247401885526053,28,"Like,Haha,Love"
2247401772192731,210,"Like,Love,Haha"
2247379972194911,153,"Like,Love"
2247379875528254,244,"Like,Love,Angry"
2247355072197401,162,"Like,Love,Wow"
2247348318864743,106,"Like,Love,Haha"
2247346928864882,40,"Like,Love,Haha"
2247346708864904,7,"Like,Wow"
2247346012198307,253,"Like,Haha,Love"
2247228108876764,200,"Like,Haha,Wow"
2247227975543444,196,"Like,Love,Haha"
2246704258929149,462,"Like,Love,Haha"
2246702002262708,70,"Like,Haha,Love"
2244949972437911,91,"Like,Love"
2244936202439288,286,"Like,Haha,Love"
2244783022454606,55,"Like,Love,Haha"
2244781042454804,126,"Like,Haha,Love"
2244780039121571,93,"Like,Love,Haha"
2244573249142250,60,"Like,Haha,Love"
2244306735835568,174,"Like,Haha,Sad"
2244273802505528,160,"Angry,Like,Love"
2244039529195622,1.1K,"Like,Haha,Love"
2243512522581656,55,"Like,Haha,Love"
2243108649288710,163,"Like,Haha,Sad"
2243105635955678,417,"Like,Haha,Love"
2242688642664044,488,"Like,Haha,Love"
2220620098204232,71,"Like,Haha,Love"
2220588511540724,215,"Like,Love,Haha"
2220585938207648,94,"Like,Haha,Sad"
2220227781576797,1.2K,"Like,Love,Haha"
2219561884976720,469,"Like,Haha,Love"
2219112255021683,130,"Like,Love,Haha"
2219001291699446,85,"Angry,Like,Haha"
2218919735040935,265,"Like,Haha,Love"
2218696931729882,13,"Like,Haha"
2218696411729934,143,"Like,Angry,Haha"
2218695681730007,627,"Like,Haha,Love"
2218693315063577,553,"Like,Haha,Angry"
2218209971778578,219,"Like,Haha,Love"
2218208788445363,322,"Like,Haha,Love"
2218208665112042,9,"Like,Love"
2217070711892504,3,Like
2216281575304751,1.3K,"Like,Angry,Love"
2215808185352090,97,"Like,Wow,Sad"
2215808025352106,6,"Like,Haha"
2215807522018823,5,"Haha,Love,Sad"
2215761068690135,141,"Like,Sad,Love"
2215760985356810,249,"Like,Angry,Love"
2215307125402196,49,"Like,Love,Wow"
2215074945425414,122,"Like,Love,Haha"
2215055275427381,91,"Like,Haha,Love"
2214483152151260,9,"Like,Wow"
2214249515507957,331,"Angry,Like,Haha"
2214154765517432,201,"Like,Haha,Love"
2213862358880006,12,"Like,Love"
2213664165566492,59,"Like,Haha,Love"
2213045605628348,58,"Like,Sad,Love"
2212992142300361,116,"Like,Haha,Love"
2212629835669925,20,"Like,Haha"
2212620899004152,160,"Like,Love,Angry"
2212444595688449,90,"Like,Haha,Love"
2212443619021880,366,"Like,Haha,Love"
2212222332377342,232,"Like,Love,Haha"
2212219332377642,77,"Like,Love,Haha"
2212218352377740,17,"Like,Sad,Love"
2211732815759627,80,"Like,Love,Wow"
2211689455763963,38,"Like,Love,Haha"
2211688702430705,13,"Like,Sad,Haha"
2211687609097481,158,"Like,Haha,Love"
2211686882430887,393,"Like,Haha,Love"
2211262395806669,16,"Like,Sad,Love"
2211113615821547,66,"Like,Angry,Haha"
2211070035825905,319,"Like,Haha,Wow"
2210971065835802,28,"Like,Love"
2210822199184022,49,"Like,Haha,Love"
2210594905873418,17,"Haha,Like,Love"
2210521695880739,269,"Like,Haha,Love"
2210520352547540,219,"Like,Haha,Love"
2209900225942886,138,"Like,Haha,Love"
2209093122690263,198,"Like,Haha,Love"
2209070842692491,149,"Like,Haha,Love"
2209070182692557,156,"Like,Haha,Angry"
2208677169398525,117,"Like,Haha,Love"
2208676962731879,125,"Like,Haha,Love"
2208457702753805,199,"Like,Haha,Love"
2208456532753922,21,"Like,Love,Haha"
2208017739464468,50,"Like,Love,Haha"
2208015946131314,12,"Like,Haha,Wow"
2207939992805576,12,"Like,Haha"
2207939109472331,97,"Like,Haha,Love"
2207745359491706,323,"Like,Haha,Love"
2207715206161388,89,"Like,Wow,Haha"
2207569416175967,5,"Like,Sad,Love"
2207344142865161,18,"Like,Love,Sad"
2207343969531845,32,"Like,Haha,Wow"
2207130499553192,232,"Like,Haha,Sad"
2206864639579778,420,"Like,Haha,Love"
2206330959633146,123,"Like,Haha,Love"
2206266746306234,544,"Like,Haha,Sad"
2206177426315166,491,"Like,Haha,Love"
2205921186340790,64,"Like,Haha,Love"
2205487423050833,198,"Like,Haha,Love"
2205487063050869,336,"Like,Haha,Love"
2205285879737654,122,"Like,Haha,Love"
2205054609760781,80,"Like,Sad,Love"
2205054106427498,200,"Like,Haha,Love"
2204983736434535,10,"Like,Haha,Wow"
2204979406434968,41,"Like,Haha,Sad"
2204924989773743,50,"Like,Haha,Love"
2204923699773872,383,"Like,Haha,Love"
2204808219785420,31,"Like,Haha,Love"
2204807689785473,100,"Like,Haha,Sad"
2204805113119064,147,"Like,Haha,Love"
2204804849785757,3,"Like,Haha,Wow"
2204774899788752,24,"Like,Sad,Love"
2204591706473738,461,"Like,Haha,Love"
2204316963167879,40,"Like,Haha,Wow"
2204316359834606,86,"Like,Haha,Wow"
2204244926508416,23,"Like,Haha,Wow"
2204185403181035,42,"Sad,Like,Haha"
2204130886519820,155,"Like,Love,Haha"
2204073726525536,22,"Like,Haha,Love"
2204035626529346,399,"Like,Love,Haha"
2204007266532182,80,"Like,Haha,Love"
2203586006574308,188,"Like,Haha,Love"
2203544233245152,112,"Like,Haha,Love"
2203534186579490,385,"Like,Haha,Sad"
2203378053261770,160,"Like,Haha,Wow"
2203370136595895,4,"Like,Haha"
2203369603262615,74,"Like,Haha,Love"
2203369383262637,123,"Like,Haha,Love"
2203323703267205,121,"Like,Haha,Love"
2203194713280104,121,"Like,Haha,Love"
2202749666657942,157,"Like,Haha,Love"
2202709983328577,134,"Like,Love,Haha"
2202707719995470,57,"Like,Haha,Love"
2202660086666900,167,"Like,Haha,Wow"
2202610053338570,468,"Like,Love,Haha"
2202540033345572,515,"Like,Haha,Love"
2202216613377914,752,"Sad,Love,Angry"
2201987000067542,6,"Like,Haha,Angry"
2201983963401179,26,"Like,Haha,Sad"
2201907513408824,3,"Like,Haha"
2201906843408891,253,"Like,Love,Haha"
2201814290084813,11,"Like,Haha"
2201778166755092,43,"Like,Sad,Haha"
2201777253421850,162,"Like,Love,Haha"
2201515873447988,98,"Like,Haha,Angry"
2201495923449983,4,Like
2201373743462201,14,"Like,Angry,Haha"
2201372456795663,12,"Haha,Like,Sad"
2201238790142363,37,"Like,Love"
2201238066809102,206,"Like,Haha,Love"
2201235613476014,448,"Like,Haha,Love"
2201063360159906,129,"Like,Haha,Love"
2200814353518140,459,"Like,Love,Angry"
2200808656852043,178,"Like,Haha,Angry"
2200723630193879,10,"Like,Haha"
2200459026887006,227,"Like,Haha,Angry"
2200458753553700,256,"Like,Haha,Love"
2199931010273141,133,"Like,Haha,Sad"
2199422223657353,100,"Like,Haha,Love"
2199421926990716,336,"Like,Haha,Love"
2199421666990742,111,"Like,Haha,Love"
2199252920340950,179,"Like,Love,Angry"
2199229630343279,94,"Like,Haha,Wow"
2199008833698692,213,"Like,Haha,Love"
2198767240389518,108,"Like,Haha,Love"
2198732343726341,144,"Like,Love,Haha"
2198732000393042,3,Like
2198731417059767,249,"Like,Angry,Haha"
2198623263737249,25,"Like,Wow,Sad"
2198623070403935,5,"Like,Angry"
2198519353747640,82,"Like,Angry,Love"
2198518730414369,215,"Like,Haha,Love"
2198503333749242,9,"Like,Haha"
2198499403749635,37,"Like,Haha,Love"
2198496330416609,21,"Like,Haha,Wow"
2198405690425673,63,"Like,Haha,Love"
2197701650496077,249,"Like,Love,Haha"
2197643430501899,30,"Like,Love"
2197642650501977,158,"Like,Haha,Love"
2197641437168765,122,"Like,Haha,Love"
2197641260502116,18,"Like,Haha,Sad"
2197264277206481,25,"Like,Angry,Sad"
2197185813880994,109,"Like,Haha,Love"
2197168287216080,307,"Like,Haha,Sad"
2197119070554335,11,"Like,Sad"
2196893700576872,302,"Like,Love,Haha"
2196832443916331,96,"Like,Angry,Haha"
2196832343916341,1K,"Like,Haha,Love"
2196566517276257,223,"Like,Haha,Love"
2196561470610095,142,"Like,Haha,Love"
2196470943952481,88,"Like,Sad,Haha"
2196449377287971,39,"Like,Haha,Love"
2195220327410876,1,Like
2195105404089035,495,"Like,Haha,Love"
2195104064089169,15,Like
2194885894110986,56,"Like,Haha,Love"
2194573837475525,274,"Like,Haha,Angry"
2194464090819833,16,"Like,Haha"
2194451207487788,31,"Like,Haha,Wow"
2193827140883528,112,"Like,Love,Haha"
2193825574217018,30,"Like,Haha"
2193822920883950,477,"Like,Love,Haha"
2193776130888629,131,"Like,Haha,Love"
2193723964227179,2,Like
2193643130901929,396,"Like,Angry,Haha"
2193131290953113,79,"Like,Haha,Love"
2193049537627955,43,"Like,Haha"
2193049310961311,346,"Like,Haha,Love"
2192849087648000,97,"Like,Haha,Angry"
2192510277681881,302,"Like,Love,Haha"
2192473591018883,33,"Like,Haha,Love"
2192423341023908,54,"Like,Love"
2192371154362460,146,"Like,Haha,Sad"
2192201944379381,193,"Like,Haha,Love"
2192199617712947,190,"Like,Haha,Love"
2192198517713057,187,"Like,Haha,Sad"
2191825004417075,161,"Like,Love,Haha"
2191650261101216,538,"Like,Wow,Angry"
2190852381181004,24,"Like,Haha,Sad"
2190598264539749,160,"Like,Love,Haha"
2190598001206442,11,Like
2189851061281136,150,"Like,Love,Wow"
2189748141291428,122,"Like,Haha,Sad"
2189687687964140,192,"Like,Haha,Love"
2189531331313109,84,"Like,Haha,Love"
2189530824646493,483,"Like,Haha,Love"
2189425884656987,32,"Like,Love,Sad"
2189425687990340,145,"Like,Haha,Love"
2189424914657084,35,"Like,Haha,Love"
2189253791340863,4,"Like,Sad"
2189253254674250,388,"Like,Haha,Love"
2189252184674357,306,"Like,Angry,Haha"
2189147621351480,76,"Like,Haha,Love"
2189103944689181,41,"Like,Love,Haha"
2189077108025198,4,"Like,Haha"
2189072191359023,22,"Like,Haha,Love"
2188901014709474,126,"Like,Haha,Love"
2188874361378806,66,"Like,Haha,Wow"
2188837431382499,125,"Like,Love,Haha"
2188249121441330,117,"Like,Haha,Love"
2187914074808168,248,"Like,Haha,Sad"
2187750254824550,152,"Like,Sad,Haha"
2187745754825000,11,"Like,Love"
2187710398161869,279,"Like,Haha,Love"
2187285951537647,636,"Like,Haha,Love"
2187285388204370,138,"Like,Haha,Sad"
2187285068204402,64,"Like,Haha,Sad"
2187284428204466,37,"Like,Haha,Love"
2187282241538018,4,"Like,Haha"
2187280304871545,197,"Like,Haha,Love"
260954904612473,9,"Like,Wow,Love"
2186939678238941,47,"Like,Sad,Haha"
2186489518283957,68,"Like,Haha,Love"
2186487171617525,62,"Like,Haha,Love"
2185478591718383,194,"Like,Haha,Love"
2185478271718415,73,"Like,Sad,Haha"
2184533278479581,3,"Like,Wow"
2184533105146265,631,"Like,Haha,Love"
2184476288485280,40,"Like,Love,Haha"
2184189058514003,245,"Like,Haha,Sad"
2184046545194921,50,"Like,Sad,Haha"
2184041951862047,17,"Like,Love,Haha"
2182766481989594,410,"Like,Haha,Love"
2182403225359253,41,"Like,Wow,Love"
2181780715421504,236,"Like,Haha,Love"
2181550285444547,118,"Like,Haha,Love"
2181550088777900,745,"Like,Haha,Love"
2181549838777925,230,"Like,Haha,Love"
2181547945444781,20,"Like,Sad"
2179995628933346,286,"Like,Haha,Wow"
2178892069043702,78,"Like,Wow,Haha"
2178819385717637,12,"Haha,Like"
2178809262385316,110,"Like,Haha,Love"
2178633875736188,91,"Like,Sad,Love"
2178069055792670,141,"Like,Haha,Love"
2177511022515140,186,"Like,Haha,Love"
2177509042515338,52,"Like,Haha,Wow"
2176923149240594,152,"Like,Haha,Wow"
2176448029288106,18,"Like,Haha,Love"
2175418352724407,246,"Like,Love,Angry"
2175316196067956,0,
2175256956073880,18,"Like,Haha"
2175255276074048,35,"Love,Haha,Like"
2175252622740980,195,"Like,Haha,Love"
2160998050833104,59,"Like,Love,Haha"
2160995244166718,54,"Like,Haha,Wow"
2160991014167141,57,"Like,Haha,Love"
2160984490834460,0,
2160532977546278,301,"Like,Haha,Sad"
2160531974213045,97,"Like,Haha,Love"
2160531810879728,32,"Like,Haha,Sad"
2160528767546699,283,"Like,Love,Haha"
2159734150959494,53,"Like,Haha,Love"
2158187627780813,59,"Like,Haha,Wow"
2153898308209745,95,"Like,Love,Haha"
2153093851623524,330,"Like,Haha,Love"
2153092304957012,80,"Like,Haha,Love"
2153091738290402,64,"Like,Haha,Love"
2152010801731829,119,"Like,Sad,Love"
2152010241731885,42,"Like,Haha,Love"
2152009981731911,3,Like
2148869878712588,223,"Like,Haha,Angry"
2148869018712674,5,"Like,Haha"
2148868752046034,280,"Like,Haha,Love"
2148509935415249,771,"Like,Haha,Love"
2148509335415309,337,"Like,Haha,Love"
2148503852082524,142,"Like,Haha,Love"
2148503712082538,30,"Like,Haha,Love"
2147907805475462,2,Like
2144361955830047,445,"Like,Love,Haha"
2144361772496732,284,"Like,Love"
2142201076046135,127,"Like,Haha,Love"
2142198809379695,208,"Like,Haha,Love"
2142197492713160,66,"Like,Haha,Sad"
2141679279431648,8,"Wow,Like,Love"
2140372856228957,5,Like
2139904086275834,5,"Sad,Like"
2139899782942931,284,"Like,Love,Haha"
2139148369684739,84,"Like,Haha,Love"
2139148083018101,43,"Like,Haha,Sad"
2139144266351816,26,"Like,Angry,Wow"
2139143076351935,3,"Love,Sad"
2139142739685302,71,"Like,Haha,Love"
2139142659685310,187,"Like,Haha,Love"
2139142236352019,44,"Like,Love,Haha"
2137996433133266,22,"Like,Love"
2133949703537939,638,"Like,Haha,Angry"
2133949340204642,15,"Like,Haha,Wow"
2133946593538250,11,"Like,Angry,Wow"
2133293373603572,99,"Like,Sad,Haha"
2133291790270397,252,"Like,Wow,Haha"
2130754363857473,23,Like
2130748750524701,78,"Like,Love,Haha"
2130747353858174,1,Like
2130745640525012,5,"Like,Haha,Wow"
2130745250525051,9,Like
2130737003859209,388,"Like,Haha,Love"
2125585187707724,169,"Like,Love"
2124495697816673,7,"Haha,Like,Wow"
2124494234483486,0,
2124493394483570,1,Love
2124473851152191,198,"Like,Haha,Sad"
2121129004820009,147,"Like,Haha,Wow"
2118700765062833,17,"Like,Love"
2118697098396533,243,"Like,Sad,Angry"
2118411801758396,24,"Like,Haha,Love"
2116425505290359,77,"Like,Haha,Love"
2116421698624073,20,"Like,Haha,Sad"
2113044185628491,246,"Like,Haha,Love"
2112188505714059,42,"Angry,Like,Haha"
2112187795714130,98,"Like,Haha,Love"
2112187525714157,24,"Like,Haha,Love"
2106025212997055,97,"Like,Haha,Wow"
2102846736648236,71,"Like,Haha,Love"
2102846016648308,297,"Like,Love,Wow"
2101839210082322,212,"Like,Love,Haha"
2101667096766200,76,"Like,Love,Haha"
2101665800099663,383,"Like,Haha,Love"
2101004436832466,16,"Like,Love"
2100477790218464,371,"Like,Haha,Love"
2100476633551913,15,"Like,Love,Haha"
2098467037086206,33,"Like,Sad,Haha"
2097764927156417,24,"Like,Sad"
2097764447156465,3,"Haha,Like"
2097399820526261,82,"Like,Haha,Love"
2097393943860182,16,"Like,Haha,Love"
2095991540667089,368,"Angry,Like,Haha"
2095990614000515,483,"Like,Haha,Love"
2095988327334077,56,"Like,Haha,Wow"
2095986740667569,19,"Like,Haha,Sad"
2095973167335593,213,"Like,Love,Haha"
2095968924002684,7,"Sad,Like,Love"
2091892267743683,12,"Like,Haha,Wow"
2091890494410527,16,"Like,Wow,Haha"
2085059015093675,59,"Like,Love"
2078705819062328,12,"Like,Sad,Love"
2078702565729320,21,"Like,Sad"
2078700829062827,9,Like
2078700255729551,2,Like
2075696589363251,182,"Like,Haha,Love"
2075208379412072,20,"Like,Love,Haha"
2072226636376913,154,"Like,Haha,Angry"
2071856159747294,133,"Like,Angry,Haha"
2071855493080694,142,"Like,Haha,Love"
2071846693081574,12,"Haha,Like"
2071842073082036,69,"Like,Haha,Love"
2070647613201482,106,"Like,Love,Haha"
2069111843355059,62,"Like,Haha,Wow"
2066803226919254,161,"Like,Love,Sad"
2066801236919453,35,"Wow,Like,Love"
2066799903586253,8,Like
2065635953702648,43,"Like,Haha,Sad"
2064741277125449,19,"Like,Haha"
2064731997126377,9,Like
2064731970459713,12,"Haha,Like,Wow"
2064729170459993,9,"Like,Wow,Love"
2063984317201145,3,Like
2063965713869672,35,"Love,Like,Wow"
2063112740621636,7,"Like,Love"
2063112607288316,12,"Sad,Like,Love"
2061640970768813,10,"Angry,Love,Like"
2061632527436324,7,"Sad,Like,Haha"
2061625257437051,116,"Like,Sad,Love"
2061624410770469,22,"Like,Haha,Love"
2061620530770857,14,Like
2061616657437911,2,Like
2061615490771361,13,"Love,Like,Wow"
2061613884104855,19,"Like,Angry"
2061100564156187,26,"Like,Love"
2060604410872469,49,"Like,Haha,Love"
2060586127540964,45,"Like,Haha,Sad"
2060267864239457,6,Like
2059925780940332,39,"Like,Sad,Love"
2057154514550792,35,"Like,Sad,Love"
2057154401217470,136,"Like,Love,Haha"
2057131197886457,21,"Like,Haha,Wow"
2057111491221761,67,"Like,Haha,Love"
2056874347912142,7,Like
2056573711275539,41,"Like,Haha,Wow"
2056571967942380,13,"Like,Haha,Angry"
2055742481358662,0,
2055352341397676,84,"Like,Haha,Sad"
2054781244788119,28,"Like,Haha,Sad"
2054780438121533,5,Like
2054780404788203,20,"Like,Haha"
2054776561455254,54,"Like,Haha,Sad"
2053701328229444,99,"Like,Haha,Sad"
2053337001599210,2,"Like,Haha"
2053336538265923,39,"Like,Haha,Sad"
2052790774987166,26,"Like,Wow,Haha"
2052245111708399,39,"Like,Haha,Love"
2052239031709007,49,"Like,Haha,Wow"
2051630935103150,47,"Sad,Like,Haha"
2051629491769961,45,"Like,Love,Sad"
2050594738540103,24,"Like,Wow,Angry"
2050240041908906,26,"Like,Haha,Wow"
2050053085260935,223,"Angry,Like,Love"
2049747321958178,254,"Like,Haha,Love"
2049747271958183,21,"Like,Haha,Sad"
2049626535303590,11,"Sad,Angry,Like"
2048562008743376,1.1K,"Like,Haha,Wow"
2048561778743399,35,"Like,Haha,Love"
2048557415410502,4,"Love,Like,Haha"
2047015895564654,310,"Like,Haha,Wow"
2046976672235243,60,Like
2046962652236645,4,"Haha,Like"
2046905288909048,39,"Like,Haha,Wow"
2046860478913529,166,"Like,Haha,Wow"
2046174148982162,119,"Like,Haha,Love"
2046114308988146,92,"Like,Haha,Sad"
2046079105658333,58,"Like,Love,Haha"
2046078908991686,88,"Like,Haha,Love"
2045429785723265,61,"Like,Haha,Love"
2045262335740010,0,
2045262112406699,8,Like
2045261775740066,27,"Like,Haha,Sad"
2045132359086341,60,"Like,Love,Sad"
2044689562463954,2,"Like,Wow"
2044507452482165,183,"Like,Haha,Love"
2044502192482691,375,"Like,Haha,Love"
2044496355816608,1.7K,"Like,Haha,Wow"
2043547409244836,129,"Like,Haha,Angry"
2042980519301525,2,"Like,Sad"
2042459656020278,0,
2041648186101425,119,"Like,Love,Haha"
2041178526148391,97,"Like,Sad,Haha"
2040940086172235,20,"Like,Love,Angry"
2040939942838916,17,"Sad,Like,Love"
2040491859550391,267,"Like,Haha,Sad"
2040491776217066,47,"Like,Love"
2039700049629572,30,"Like,Haha,Sad"
2039681942964716,61,"Like,Love,Wow"
2039447556321488,12,"Like,Haha"
2039402672992643,11,"Like,Love,Haha"
2039401992992711,49,"Like,Love"
2039398942993016,14,Like
2039397122993198,0,
2039397036326540,29,"Like,Haha,Wow"
2039394576326786,97,"Like,Love"
2039353416330902,43,"Like,Haha,Love"
2039353166330927,84,"Like,Haha,Love"
2039350406331203,38,"Like,Angry,Love"
2039348939664683,5,"Like,Love"
2037050263227884,17,"Like,Sad"
2037048466561397,42,"Like,Haha,Sad"
2035972730002304,6,Like
2035970626669181,37,"Like,Haha,Love"
2034974603435450,77,"Like,Haha,Wow"
2034869936779250,118,"Like,Haha,Wow"
2034507050148872,62,"Like,Love,Haha"
2034504740149103,4,Like
2031020100497567,142,"Like,Haha,Love"
2028966134036297,4,Like
2028962440703333,44,"Like,Love,Haha"
2028961857370058,3,Like
2028959750703602,29,"Angry,Like,Love"
2026503944282516,25,"Like,Love,Haha"
2025070514425859,366,"Like,Sad,Love"
2023738744559036,101,"Like,Haha,Love"
2022465648019679,70,"Like,Haha,Love"
2021248798141364,7,"Like,Wow,Love"
2020095194923391,24,"Like,Haha,Sad"
2020093588256885,44,"Like,Love,Haha"
2019568068309437,200,"Like,Haha,Angry"
2018920671707510,394,"Like,Love,Haha"
2018916535041257,306,"Like,Sad,Angry"
2017692941830283,10,"Like,Wow"
2017304245202486,16,"Sad,Like"
2015790162020561,161,"Like,Haha,Wow"
2015789305353980,15,"Like,Love"
2015787925354118,0,
2015787832020794,52,"Like,Haha,Wow"
2015787605354150,3,Like
2015787548687489,24,"Like,Love,Haha"
2015787185354192,24,"Like,Haha,Sad"
2015522502047327,65,"Like,Haha,Love"
2015522085380702,52,"Like,Haha,Love"
2014156458850598,6,"Love,Like,Sad"
2014066692192908,2,Like
2014065402193037,67,"Like,Love,Haha"
2013902442209333,54,"Like,Love,Sad"
2013506418915602,197,"Like,Love,Haha"
2013505012249076,379,"Like,Haha,Love"
2012829042316673,56,"Like,Love,Haha"
2012555915677319,30,"Like,Haha,Angry"
2012527219013522,172,"Like,Haha,Sad"
2012094585723452,144,"Like,Love,Wow"
2011930105739900,145,"Like,Haha,Love"
2011929672406610,9,"Love,Like"
2011929369073307,54,"Like,Love"
2011928529073391,101,"Like,Haha,Love"
2011767999089444,4,Like
2011206259145618,11,"Like,Love,Haha"
2010955602504017,19,"Like,Sad"
2010859902513587,24,"Like,Sad,Haha"
2010858242513753,21,"Like,Angry,Haha"
2010658569200387,20,"Like,Haha,Love"
2010655989200645,22,"Like,Wow,Love"
2010652385867672,10,"Like,Love,Wow"
2010649292534648,15,"Like,Love,Haha"
2010633849202859,67,"Like,Haha,Love"
2010633782536199,7,"Like,Love"
2010632422536335,41,"Like,Sad"
2010631302536447,12,"Like,Sad"
2010292329237011,104,"Like,Haha,Love"
2010143122585265,25,"Like,Love,Wow"
2009821759284068,187,"Like,Love,Haha"
2009489045984006,17,"Like,Sad,Wow"
2009485885984322,57,"Like,Haha,Wow"
2009169079349336,28,"Like,Love,Haha"
2009139329352311,21,"Like,Love"
2008925636040347,28,"Like,Haha,Sad"
2008925559373688,32,"Like,Sad"
2008892112710366,24,"Like,Haha"
2008625656070345,35,"Like,Haha"
2008590239407220,108,"Like,Haha,Love"
2008522232747354,271,"Like,Haha,Love"
2008383046094606,47,"Like,Wow,Sad"
2008374022762175,40,"Like,Haha,Wow"
2008086989457545,86,"Like,Love"
2007808086152102,106,"Like,Haha,Love"
2007558662843711,11,"Like,Sad,Wow"
2007557892843788,3,Like
2007367359529508,43,"Like,Haha,Love"
2007020129564231,47,"Like,Haha,Love"
2006230712976506,70,"Like,Sad,Haha"
2006227599643484,14,"Like,Haha"
2006210062978571,52,"Like,Haha,Love"
2006204269645817,12,"Haha,Like,Love"
2006197592979818,34,"Like,Haha,Love"
2005890339677210,506,"Like,Haha,Wow"
2005686039697640,11,"Like,Haha,Love"
2005432479722996,481,"Like,Haha,Love"
2005272723072305,19,"Like,Haha,Love"
2005270356405875,8,"Haha,Like"
2005269276405983,2,Like
2005258059740438,3,"Like,Sad"
2004769669789277,66,"Like,Love,Haha"
2004434279822816,30,"Like,Sad,Angry"
2004428536490057,80,"Like,Love"
2004344869831757,17,"Like,Haha,Sad"
2003559016577009,30,"Like,Love,Angry"
2003558266577084,2,Like
2003556689910575,0,
2003223736610537,24,"Like,Love,Wow"
2002192226713688,42,"Like,Love,Haha"
2002165266716384,38,"Like,Haha,Love"
2002130623386515,48,"Like,Haha,Wow"
2001507890115455,54,"Like,Haha,Angry"
2001365420129702,14,"Like,Love,Haha"
2001365083463069,156,"Like,Love,Wow"
2001009100165334,3,Like
2001008003498777,1,Haha
2000492130217031,12,Like
2000489176883993,5,Like
2000489106884000,53,"Like,Angry,Haha"
2000244660241778,20,"Like,Haha"
2000243226908588,5,"Like,Haha,Wow"
2000242990241945,0,
2000242750241969,59,"Like,Haha,Sad"
1999711400295104,22,"Like,Sad,Love"
1999710666961844,2,Love
1999710356961875,52,Like
1999642413635336,19,"Like,Love,Haha"
1999393316993579,16,"Like,Love,Haha"
1998656047067306,26,"Like,Haha,Love"
1998655550400689,24,"Like,Love,Haha"
1998295413770036,19,"Like,Love,Haha"
1998142617118649,12,"Love,Like,Haha"
1998056140460630,20,"Like,Love"
1998056103793967,8,Like
1998055410460703,8,"Like,Haha"
1997702383829339,127,"Like,Haha,Love"
1997702013829376,61,"Like,Haha,Love"
1997700547162856,1,Love
1997684140497830,36,"Like,Love,Haha"
1997536293845948,11,"Like,Haha,Wow"
1997175960548648,16,Like
1997175883881989,10,"Like,Angry,Love"
1997174513882126,37,"Like,Sad,Love"
1976573902608854,39,"Like,Love,Wow"
1976549012611343,1,Like
1976548935944684,9,"Like,Sad"
1976352429297668,9,"Like,Angry,Wow"
1976352339297677,8,"Like,Love,Wow"
1976352289297682,45,"Like,Love,Sad"
1976352235964354,15,"Like,Wow,Haha"
1976352185964359,6,Like
1976352092631035,0,
1976351985964379,13,"Like,Love,Haha"
1976050822661162,10,"Like,Haha,Wow"
1976050779327833,1,Haha
1976050739327837,0,
1975908512675393,19,"Like,Haha"
1975871179345793,5,Like
1975871139345797,8,"Like,Wow"
1975871102679134,5,"Like,Sad"
1975871032679141,29,"Love,Like"
1975870922679152,8,"Like,Love,Wow"
1975870882679156,53,"Like,Love,Sad"
1975870802679164,60,"Like,Haha,Wow"
1975547942711450,8,"Like,Angry"
1975547822711462,21,"Like,Wow,Haha"
1975547759378135,5,"Like,Wow"
1975506489382262,14,"Like,Wow"
1975506452715599,2,Like
1975506419382269,1,Like
1975505519382359,1,Like
1975458939387017,1,Like
1975449672721277,136,"Like,Angry,Haha"
1975430279389883,23,"Like,Wow"
1975426919390219,22,"Like,Haha,Sad"
1975426896056888,2,Like
1975426866056891,1,Like
1975426806056897,15,"Sad,Like,Wow"
1975426756056902,1,Haha
1975426726056905,0,
1975426602723584,23,"Like,Haha,Sad"
1975213272744917,6,"Like,Sad,Love"
1975074226092155,255,"Angry,Love,Like"
1974995869433324,80,"Like,Haha,Love"
1974995746100003,10,"Angry,Sad,Like"
1974723429460568,1,Wow
1974723389460572,7,"Like,Haha,Angry"
1974723376127240,23,"Like,Haha"
1974723272793917,0,
1974723256127252,0,
1974702996129278,13,"Haha,Like,Wow"
1974695846129993,21,"Like,Haha,Sad"
1974695689463342,2,"Like,Sad"
1974695552796689,16,"Like,Haha,Wow"
1974695436130034,24,"Angry,Like,Love"
1974695366130041,13,"Like,Haha,Wow"
1974695252796719,108,"Like,Love,Haha"
1974695226130055,0,
1974453012820943,55,"Like,Haha,Wow"
1974452849487626,14,"Haha,Wow,Sad"
1974452772820967,1,Like
1974423796157198,14,"Like,Love,Wow"
1974423742823870,5,"Like,Wow"
1974399369492974,3,Like
1974399312826313,24,Like
1974399256159652,1,Like
1974399126159665,0,
1974397229493188,4,"Sad,Haha"
1974397156159862,27,"Like,Love,Wow"
1974397092826535,41,"Like,Love"
1974299736169604,13,"Like,Wow"
1974299562836288,11,"Like,Sad"
1974299412836303,16,"Like,Sad"
1974017982864446,3,Haha
1974009502865294,39,"Like,Love,Wow"
1974009329531978,19,"Like,Sad"
1974009262865318,54,"Like,Love,Haha"
1974009139531997,0,
1974009089532002,13,"Like,Angry,Haha"
1974008956198682,3,"Haha,Sad,Angry"
1974008886198689,2,"Like,Sad"
1974008716198706,6,"Like,Haha,Love"
1974008592865385,79,"Like,Love,Haha"
1974008566198721,3,Like
1974008526198725,5,"Like,Sad,Wow"
1974001086199469,0,
1973804069552504,18,"Like,Love,Haha"
1973804042885840,12,"Like,Haha,Love"
1973803959552515,5,"Like,Sad"
1973803922885852,47,"Like,Angry,Love"
1973803872885857,2,Love
1973803829552528,0,
1973803779552533,7,"Like,Haha,Wow"
1973803776219200,1,Like
1973803326219245,1,Like
1973803096219268,0,
1973803016219276,1,Like
1973802956219282,3,"Love,Like"
1973360549596856,25,"Like,Love,Haha"
1973360506263527,84,"Like,Love,Haha"
1973360459596865,1,Haha
1964226423843602,11,Like
1973268822939362,140,"Angry,Like,Love"
1973268632939381,8,Like
1973268566272721,65,"Like,Love"
1973268512939393,35,"Like,Sad,Haha"
1973268159606095,9,"Like,Sad"
1973268089606102,15,"Like,Love,Haha"
1973268029606108,24,"Like,Love,Haha"
1973267992939445,11,"Like,Haha"
1973024092963835,5,"Like,Haha,Sad"
1973024009630510,0,
1973023829630528,11,"Like,Haha"
1972691199663791,40,"Like,Love,Haha"
1972691169663794,13,"Like,Sad"
1972691082997136,18,Like
1972629839669927,31,"Like,Love"
1972608726338705,47,"Like,Haha,Wow"
1972608573005387,14,"Like,Love,Angry"
1972608523005392,22,"Like,Sad"
1972437593022485,5,"Like,Sad"
1972401043026140,40,"Like,Angry,Haha"
1972346069698304,26,"Like,Sad,Love"
1972345463031698,13,"Like,Love"
1971726619760249,31,"Like,Haha,Sad"
1971726573093587,73,"Like,Love,Wow"
1971726476426930,6,"Sad,Like"
1970472303219014,3,"Like,Angry"
1970441316555446,0,
1970441239888787,3,"Sad,Haha"
1970441199888791,108,"Like,Sad,Love"
1970441169888794,21,"Like,Love,Angry"
1970441083222136,29,"Like,Love"
1970265953239649,16,"Like,Sad,Haha"
1970258906573687,29,"Like,Love,Haha"
1970255246574053,14,"Like,Love"
1970255196574058,7,"Like,Haha"
1969981566601421,42,"Like,Haha,Love"
1969981516601426,14,"Like,Love"
1969784759954435,14,"Like,Sad,Angry"
1969784343287810,64,"Like,Sad,Love"
1969784263287818,11,"Like,Haha,Sad"
1964226600510251,21,"Like,Love"
1969074110025500,3,"Like,Wow,Angry"
1969073916692186,10,"Like,Wow"
1969073866692191,46,"Like,Angry,Haha"
1968802996719278,8,"Wow,Angry,Love"
1968802956719282,26,"Like,Haha,Sad"
1968802913385953,43,"Like,Haha,Love"
1968802823385962,15,"Like,Sad,Love"
1968802760052635,0,
1968802700052641,10,"Like,Wow,Love"
1968802636719314,5,"Like,Haha,Wow"
1968178703448374,7,"Like,Love"
1968116693454575,79,"Like,Wow,Haha"
1968116666787911,10,"Like,Love"
1968116560121255,14,"Like,Love,Wow"
1968116483454596,5,"Like,Sad,Haha"
1968116346787943,13,"Like,Haha"
1968116323454612,5,"Like,Love"
1968116213454623,5,"Like,Love"
1967869073479337,55,"Like,Haha,Love"
1967869056812672,9,"Like,Love"
1967738496825728,13,"Like,Wow"
1967661030166808,3,Like
1967614690171442,77,"Like,Haha,Love"
1967614573504787,6,"Like,Wow"
1967614530171458,32,"Like,Love,Haha"
1967614500171461,35,"Like,Sad,Love"
1967614386838139,0,
1967298536869724,8,"Like,Sad"
1967206560212255,29,"Like,Haha"
1967187770214134,15,Like
1967170266882551,93,"Like,Haha,Love"
1967170230215888,6,Like
1966686333597611,11,"Like,Love,Haha"
1966686290264282,1,Love
1966686233597621,42,"Like,Haha,Love"
1966686080264303,9,"Like,Haha,Sad"
1965899200342991,11,"Like,Sad"
1965899170342994,29,"Like,Love"
1965899150342996,31,Like
1965838287015749,2,Like
1965812517018326,37,"Like,Haha,Love"
1965785813687663,0,
1965785797020998,22,"Like,Haha,Love"
1965785740354337,0,
1965785663687678,2,"Like,Haha"
1965785623687682,16,"Like,Wow,Love"
1965530713713173,13,"Like,Wow,Angry"
1965530677046510,5,"Like,Haha"
1965530633713181,29,"Like,Sad,Angry"
1965471660385745,5,"Like,Sad,Haha"
1965461967053381,4,"Like,Sad"
1965350373731207,8,"Like,Haha,Angry"
1965305560402355,41,"Like,Love"
1965093193756925,40,"Like,Haha,Love"
1965045197095058,5,Like
1965037393762505,1,Like
1965020487097529,6,"Like,Haha,Wow"
1964997477099830,71,"Like,Love,Angry"
1964997450433166,130,"Angry,Love,Sad"
1964980643768180,16,"Like,Love,Haha"
1964980620434849,5,"Like,Sad"
1964640267135551,73,"Like,Haha,Love"
1964479780484933,0,
1964418363824408,16,"Like,Love,Haha"
1964109933855251,0,
1964109893855255,15,"Sad,Like,Haha"
1964099343856310,11,"Like,Haha"
1964092380523673,22,Like
1964043663861878,1,Sad
1964023643863880,13,"Like,Angry,Haha"
1964017597197818,11,"Like,Haha,Wow"
1963981087201469,8,"Like,Sad"
1963974403868804,19,"Like,Love,Haha"
1963974390535472,37,"Like,Haha,Sad"
1963974203868824,10,"Like,Haha"
1963636123902632,0,
1963636087235969,34,"Like,Sad,Haha"
1963636010569310,49,"Like,Haha,Love"
1963635957235982,7,"Like,Haha"
1963313267268251,28,"Like,Haha,Love"
1963201883946056,12,"Like,Haha,Sad"
1963201503946094,47,"Like,Love"
1963201453946099,32,"Like,Love"
1962579200674991,7,"Like,Haha"
1962579057341672,23,"Like,Haha,Sad"
1962579034008341,0,
1962312270701684,64,"Like,Haha,Wow"
1962238167375761,0,
1962238154042429,0,
1962158070717104,19,"Like,Haha"
1962158057383772,35,Like
1962158040717107,14,"Like,Haha"
1962158020717109,0,
1962111887388389,14,"Like,Love,Haha"
1962111864055058,41,"Like,Haha,Love"
1962111824055062,11,"Like,Haha"
1962111797388398,1,Like
1962111577388420,3,Like
1962111570721754,5,Sad
1962111557388422,1,Like
1962111400721771,1,Haha
1962111364055108,7,"Haha,Like,Love"
1962111297388448,5,Like
1962111257388452,3,Like
1961924067407171,1,Love
1961923077407270,2,Like
1961923037407274,1,Like
1961923010740610,27,"Like,Sad,Haha"
1961922927407285,4,Like
1961915534074691,0,
1961915477408030,19,"Like,Haha,Wow"
1961915447408033,6,"Angry,Like"
1961915424074702,5,"Like,Sad"
1961915300741381,89,"Like,Angry,Love"
1961915257408052,24,Like
1961915234074721,1,Like
1961915220741389,0,
1961354394130805,9,"Like,Love,Haha"
1961354100797501,6,Like
1961272554138989,8,"Like,Love,Wow"
1961198077479770,20,"Like,Sad"
1961198010813110,15,"Like,Angry"
1961197994146445,22,"Like,Haha,Wow"
1961197977479780,7,Like
1961197957479782,8,Like
1960837077515870,13,Like
1960837017515876,61,Like
1960148540918057,36,"Like,Wow"
1960148517584726,8,Like
1960148440918067,10,"Like,Love,Haha"
1960148380918073,7,"Like,Love"
1959509764315268,6,Like
1959509730981938,35,"Like,Haha,Love"
1959509710981940,20,"Like,Love,Haha"
1959509670981944,18,"Like,Haha,Wow"
1959509627648615,8,Like
1959098037689774,4,Sad
1959097944356450,4,Like
1959097611023150,38,"Like,Haha,Wow"
1959097294356515,30,"Like,Haha,Sad"
1958876821045229,4,"Like,Sad"
1958842697715308,56,"Like,Haha"
1958842671048644,26,"Like,Sad,Love"
1958842624381982,50,"Like,Haha,Wow"
1958415297758048,12,"Like,Sad"
1958320104434234,15,Like
1958269607772617,5,Like
1958267614439483,49,"Like,Angry,Love"
1957989254467319,4,Like
1957881751144736,8,Like
1957852101147701,1,Like
1957390094527235,35,"Like,Love,Haha"
1957390057860572,0,
1957390024527242,79,"Like,Love,Haha"
1956955861237325,13,"Like,Love,Wow"
1956688984597346,15,"Like,Haha,Sad"
1956688941264017,1,Sad
1956509614615283,32,Like
1956509581281953,56,"Like,Haha,Wow"
1956456027953975,77,"Like,Haha,Love"
1956455991287312,12,"Like,Haha,Sad"
1956129307986647,5,Like
1956128451320066,27,"Like,Love,Sad"
1956082651324646,4,"Love,Sad"
1956009191331992,23,"Like,Haha,Love"
1956008967998681,1,Sad
1956007894665455,1,Sad
1956007804665464,18,Like
1956007734665471,6,"Like,Haha"
1955854131347498,33,Like
1955797421353169,6,Like
1955777264688518,1,Haha
1955745844691660,30,"Like,Haha,Love"
1955745821358329,0,
1955663258033252,3,"Like,Haha"
1955648991368012,34,"Like,Love"
1955648491368062,16,"Sad,Like,Haha"
1955648461368065,4,"Like,Sad"
1955648444701400,3,"Like,Sad"
1955406651392246,3,"Like,Wow"
1955406631392248,7,"Like,Love,Sad"
1955386824727562,2,"Like,Haha"
1955378861395025,19,"Like,Haha"
1955292144737030,8,"Like,Wow,Haha"
1955230174743227,7,"Like,Sad"
1955160774750167,47,"Like,Haha,Love"
1955153511417560,4,Like
1955153494750895,9,"Like,Haha"
1955150501417861,3,"Haha,Wow,Sad"
1954961984770046,3,"Like,Haha"
1954961964770048,4,Haha
1954933958106182,15,"Angry,Like,Haha"
1954848514781393,26,"Like,Haha,Love"
1954840531448858,13,"Like,Haha,Wow"
1954840458115532,4,"Like,Love,Haha"
1954840408115537,0,
1954819324784312,4,"Like,Haha"
1954819281450983,13,"Like,Haha,Sad"
1954819094784335,5,Sad
1954778918121686,6,"Like,Haha,Love"
1954774131455498,7,"Like,Love,Sad"
1954756251457286,9,"Haha,Like,Sad"
1954728631460048,57,"Like,Love,Haha"
1954721068127471,109,"Like,Haha,Love"
1954720934794151,8,"Like,Sad"
1954712541461657,15,Like
1954704994795745,1,Haha
1954696994796545,9,"Like,Wow"
1954696624796582,7,"Like,Haha"
1954695891463322,15,"Like,Love,Haha"
1954695508130027,4,Like
1954064604859784,22,"Like,Haha"
1953998708199707,22,"Like,Haha"
1953972321535679,13,"Like,Haha,Angry"
1953955114870733,2,"Like,Love"
1953927238206854,25,"Like,Wow,Haha"
1953900748209503,1,Love
1953742624891982,11,"Like,Love"
1953742581558653,13,"Like,Love,Haha"
1953529421579969,17,"Like,Haha,Sad"
1953529394913305,15,"Like,Love,Haha"
1953529284913316,3,Like
1953529268246651,4,"Like,Haha,Wow"
1953529058246672,5,"Like,Sad,Haha"
1953529041580007,13,"Like,Haha"
1953381121594799,3,Like
1953381101594801,15,"Like,Haha,Wow"
1953381094928135,23,"Like,Haha,Wow"
1953381074928137,12,"Sad,Like"
1953381064928138,3,"Like,Love"
1953100148289563,38,"Like,Haha,Sad"
1953059328293645,24,"Like,Love,Haha"
1953058688293709,14,"Like,Haha,Sad"
1953056654960579,6,"Like,Love,Haha"
1953000784966166,14,"Like,Wow,Haha"
1952994811633430,25,"Like,Sad,Haha"
1952944104971834,51,"Like,Love,Haha"
1952863668313211,25,"Like,Haha,Love"
1952684571664454,30,"Like,Haha"
1952170575049187,14,Like
1952092998390278,10,"Haha,Like,Wow"
1952065228393055,14,"Like,Sad"
1952040325062212,7,"Like,Love"
1952039955062249,11,Like
1952039935062251,8,Like
1951746621758249,9,"Like,Haha"
1951746538424924,12,"Like,Sad"
1951746451758266,21,"Like,Haha,Love"
1951066628492915,15,"Like,Sad,Angry"
1950065045259740,13,"Like,Haha,Love"
1949995581933353,39,"Like,Haha,Sad"
1949976131935298,5,"Like,Haha"
1949970255269219,15,"Like,Sad,Haha"
1949970168602561,5,"Like,Haha,Wow"
1949970088602569,18,"Like,Sad,Love"
1949735125292732,6,"Like,Haha,Angry"
1949662151966696,3,Like
1949627818636796,4,"Like,Haha"
1949627788636799,11,"Like,Haha"
1948735782059333,14,"Like,Haha"
1948538552079056,11,"Like,Wow,Angry"
1948307075435537,17,"Like,Haha,Love"
1948291705437074,6,"Like,Haha"
1948291682103743,37,"Like,Haha,Angry"
1947578732175038,9,"Like,Haha,Wow"
2136850306581212,43,"Like,Love,Wow"
1947295128870065,2,Like
1947295045536740,6,"Like,Sad"
1947146152218296,8,"Like,Haha"
1947086342224277,43,"Like,Sad"
1946682628931315,2,Like
1946645935601651,7,Like
1945908542342057,129,"Like,Haha,Love"
1945472785718966,0,
1945205592412352,9,"Like,Haha"
1944748902458021,8,"Like,Haha"
1944743385791906,0,
1944743172458594,0,
